Date,ShopName,longitude,latitude
2021-11-03,カブトヤマ,38.424966,141.27981
2021-11-01,Dining&cafe 39+,38.424966,141.27981
2021-11-01,GUNDAM Café ガンダムカフェ 全店,38.424966,141.27981
2021-10-30,ラ・メール,38.424966,141.27981
2021-10-27,カフェレスト 海岸通り,38.424966,141.27981
2021-10-27,BROOKLYN ROASTING COMPANY 晴海トリトン店,38.424966,141.27981
2021-10-26,サンマルクカフェ 船橋北口店,38.424966,141.27981
2021-10-24,RENOIR（ルノアール）,38.424966,141.27981
2021-10-23,gram 広島店,38.424966,141.27981
2021-10-23,ベーカリーレストランサンマルク八尾山本店,38.424966,141.27981
2021-10-15,CAFE TONGLLIANO小牧店,38.424966,141.27981
2021-10-11,Cafe+Bar23,38.424966,141.27981
2021-10-08,ELOISE’s Cafe横浜ハンマーヘッド店,38.424966,141.27981
2021-10-06,フレッズカフェ ステーション川西能勢口店,38.424966,141.27981
2021-10-06,SOUTHERLY サウザリー,38.424966,141.27981
2021-10-05,an.loca ぼくとコーヒーとお酒,38.424966,141.27981
2021-10-05,若草 hutte&co-ba MIYAZAKI,38.424966,141.27981
2021-10-04,ガレージカフェ TopGun,38.424966,141.27981
2021-09-29,ダッキーダックカフェ 町田ジョルナ店,38.424966,141.27981
2021-09-28,Café＆Meal_MUJI 日比谷,38.424966,141.27981
2021-09-24,PRONTO プロント マーレ武蔵浦和店,38.424966,141.27981
2021-09-19,マンゴツリーキッチンekie広島,38.424966,141.27981
2021-09-19,コラソンカフェ 大宮店,38.424966,141.27981
2021-09-17,Kürtős Kalács クルトシュカラーチ,38.424966,141.27981
2021-09-17,スパイスマジック渋谷店,38.424966,141.27981
2021-09-13,神戸屋レストラン 西宮店,38.424966,141.27981
2021-08-29,カフェレストラン インク・スポット,38.424966,141.27981
2021-08-24,リストランテ・ジン,38.424966,141.27981
2021-08-22,PRONTO プロント 八柱駅店,38.424966,141.27981
2021-08-15,ハンプティーダンプティー京都北大路ビブレ店,38.424966,141.27981
2021-08-13,スクウェア・エニックス カフェ大阪,38.424966,141.27981
2021-08-11,CAFE FREDY 銀座店,38.424966,141.27981
2021-08-10,PRONTO（プロント）小倉魚町店,38.424966,141.27981
2021-08-10,熊牛68珈琲,38.424966,141.27981
2021-08-10,GRAND COLOR DAYS（グランドカラーデイズ）,38.424966,141.27981
2021-08-05,ボードゲームカフェ＆バーadhoc,38.424966,141.27981
2021-07-24,グッドスマイル×アニメイトカフェ秋葉原,38.424966,141.27981
2021-07-22,ISHIYA CAFÉ 新千歳空港店,38.424966,141.27981
2021-07-19,くまモンビレッジ カフェスペース,38.424966,141.27981
2021-07-18,ライダーズカフェあわじ,38.424966,141.27981
2021-07-12,六鹿day,38.424966,141.27981
2021-06-29,KAVE CAFE 大阪道頓堀店,38.424966,141.27981
2021-06-27,ハンズカフェピオレ明石店,38.424966,141.27981
2021-06-27,タニタカフェ有楽町店,38.424966,141.27981
2021-06-13,sisters池袋,38.424966,141.27981
2021-06-06,サンマルクカフェ 京急弘明寺駅前店,38.424966,141.27981
2021-06-02,砂丘フレンド,38.424966,141.27981
2021-06-02,サンマルクカフェ 神田西口店,38.424966,141.27981
2021-05-26,不二家レストラン南塚口店,38.424966,141.27981
2021-05-26,不二家レストラン 栃木店,38.424966,141.27981
2021-05-26,不二家レストラン 千葉幕張店,38.424966,141.27981
2021-05-26,不二家レストラン 北里病院前店,38.424966,141.27981
2021-05-22,モンスーンカフェ たまプラーザ,38.424966,141.27981
2021-05-21,アニON STATION AKIHABARA本店,38.424966,141.27981
2021-05-17,PRONTOプロント 新宿小田急エース店,38.424966,141.27981
2021-05-10,カフェド武 原宿店,38.424966,141.27981
2021-05-08,SWEET CAFE ICITY 21,38.424966,141.27981
2021-05-07,UCCカフェプラザ COM高松店,38.424966,141.27981
2021-05-06,B★STAR CAFE(Bスターカフェ) by LOOK,38.424966,141.27981
2021-05-05,サンマルクカフェ 神奈川元住吉店,38.424966,141.27981
2021-04-29,cafe Cuiller,38.424966,141.27981
2021-04-29,サンマルクカフェ浜松町貿易センタービル店,38.424966,141.27981
2021-04-24,江戸フィール Edofeel,38.424966,141.27981
2021-04-14,マルノウチリーディングスタイル,38.424966,141.27981
2021-04-11,TOP SECRET CAFE トップシークレットカフェ,38.424966,141.27981
2021-04-08,THE MOST BAKE SHOP,38.424966,141.27981
2021-04-05,シビックスカイレストラン椿山荘,38.424966,141.27981
2021-04-04,カフェデンマルク 札幌店,38.424966,141.27981
2021-04-02,サンマルクカフェ 渋谷井の頭通店,38.424966,141.27981
2021-03-28,MAISON ICHI 東京都写真美術館店,38.424966,141.27981
2021-03-28,PRONTOプロント 熊本下通店,38.424966,141.27981
2021-03-27,モンパルナス尼崎店,38.424966,141.27981
2021-03-27,のものキッチン秋葉原店,38.424966,141.27981
2021-03-25,レストランマイドーム,38.424966,141.27981
2021-03-25,PRONTO新宿小田急エース店,38.424966,141.27981
2021-03-22,BE CAFE（ビーカフェ）,38.424966,141.27981
2021-03-19,モスカフェ表参道店,38.424966,141.27981
2021-03-17,カフェ・ド・クリエ 博多大博通,38.424966,141.27981
2021-03-16,神戸屋キッチンnonowa武蔵境店,38.424966,141.27981
2021-03-13,フレッシュベーカリー神戸屋 阪神三宮駅店,38.424966,141.27981
2021-03-12,Kure Coffee クレ コーヒー,38.424966,141.27981
2021-03-10,GUNDAM Cafe ガンダムカフェ大阪道頓堀店,38.424966,141.27981
2021-03-09,稲佐山山頂展望台 ひかりのレストラン,38.424966,141.27981
2021-03-01,CAFE ＆ BAR PRONTO 中部国際空港店,38.424966,141.27981
2021-03-01,ララ♪こあら,38.424966,141.27981
2021-02-24,MouMou Cafe イオンモール岡山店,38.424966,141.27981
2021-02-21,カフェ食堂enishi,38.424966,141.27981
2021-02-21,Urth Caffé 表参道店,38.424966,141.27981
2021-02-21,神戸屋キッチン EXPRESS タカシマヤゲートタワーモール店,38.424966,141.27981
2021-02-20,ニド・カフェ Nid CAFE,38.424966,141.27981
2021-02-20,TOWER RECORDS CAFE 札幌ピヴォ店,38.424966,141.27981
2021-02-17,ハンズカフェ池袋,38.424966,141.27981
2021-02-17,ハードロックカフェ京都,38.424966,141.27981
2021-02-14,バーガー＆パブ シュッシュポポン 京都店 レストラン,38.424966,141.27981
2021-02-12,コックンの別荘 レミィ町田店,38.424966,141.27981
2021-02-11,レストラン山海亭,38.424966,141.27981
2021-02-10,山形 どんどん焼きカフェ カシワヤ,38.424966,141.27981
2021-02-10,茨木スカイレストラン,38.424966,141.27981
2021-02-09,ホリーズカフェ グリーンプラザべふ店,38.424966,141.27981
2021-02-06,Cafe comme ca 渋谷西武店,38.424966,141.27981
2021-02-06,Cafe comme ca 福岡VIORO店,38.424966,141.27981
2021-02-06,Cafe comme ca 本川越ペペ店,38.424966,141.27981
2021-02-06,神戸屋キッチン エスパル仙台店,38.424966,141.27981
2021-02-05,NISHIs KITCHEN いわきFCパーク店,38.424966,141.27981
2021-02-04,ばーすでい&カフェ 東北学院大学店,38.424966,141.27981
2021-02-01,カフェ デック,38.424966,141.27981
2021-01-31,PRONTOプロント ビーンズ阿佐ヶ谷店,38.424966,141.27981
2021-01-31,レストラン ぽるとカーブドッチ,38.424966,141.27981
2021-01-31,カフェティンバーハウス エキュート大宮店,38.424966,141.27981
2021-01-29,なごめしカフェ トラッツィオーネナゴヤ,38.424966,141.27981
2021-01-26,ミカフェート 六本松店,38.424966,141.27981
2021-01-19,デリス グランベリー武蔵小杉店,38.424966,141.27981
2021-01-16,XFLAG STORE SHIBUYA,38.424966,141.27981
2021-01-15,ローカルデリ越谷レイクタウン店,38.424966,141.27981
2021-01-15,J.S.PANCAKE CAFE ルミネ立川店,38.424966,141.27981
2021-01-14,みぼうじんカレー,38.424966,141.27981
2021-01-13,sans-souci,38.424966,141.27981
2021-01-12,chano-ma 中目黒,38.424966,141.27981
2021-01-11,Cafe comme ca カフェコムサ 高崎オーパ店,38.424966,141.27981
2021-01-11,星野デザートアート 道頓堀店,38.424966,141.27981
2021-01-11,楽農レストラン 育みの里 かんでかんで,38.424966,141.27981
2021-01-10,DEAN & DELUCA カフェBMW GROUP TERRACE,38.424966,141.27981
2021-01-09,BROWNE COFFEE 豊田毘森公園店,38.424966,141.27981
2021-01-07,ポムポムプリンカフェ原宿,38.424966,141.27981
2021-01-07,カフェ・アルコ プレーゴ,38.424966,141.27981
2021-01-07,SHIBUYA BOX CAFE & SPACE 渋谷ロフト店,38.424966,141.27981
2021-01-05,PRONTOプロント 仙台青葉通り店,38.424966,141.27981
2021-01-04,J.S. PANCAKE CAFE 金沢百番街Rinto店,38.424966,141.27981
2021-01-04,CAFE；HAUS（カフェハウス）,38.424966,141.27981
2021-01-04,Hattendo Cafeラクーア店,38.424966,141.27981
2021-01-02,mumokuteki 大阪店,38.424966,141.27981
2021-01-02,CAFE EURO (カフェユーロ ),38.424966,141.27981
2020-12-31,資生堂パーラー キッテ グランシェ ショップ,38.424966,141.27981
2020-12-30,BROOK’S ME-BYO café,38.424966,141.27981
2020-12-30,STYLUS（スタイラス）,38.424966,141.27981
2020-12-30,ROD 東京店,38.424966,141.27981
2020-12-30,MLB café TOKYO 恵比寿店,38.424966,141.27981
2020-12-28,銀座立田野 アトレ吉祥寺店,38.424966,141.27981
2020-12-28,カフェ＆グリル みのりみのる 新潟店,38.424966,141.27981
2020-12-28,カフェタマ さいたま新都心,38.424966,141.27981
2020-12-27,KAWAII MONSTER CAFE カワイイモンスターカフェ,38.424966,141.27981
2020-12-26,CITY ICECREAM ＆ COFFEE,38.424966,141.27981
2020-12-26,CCC Cheese Cheers Café Shibuya,38.424966,141.27981
2020-12-24,PRONTOプロント 秋葉原店,38.424966,141.27981
2020-12-22,ハードロックカフェ大阪,38.424966,141.27981
2020-12-21,ベーカリーカフェ・デリーナ仙台駅店,38.424966,141.27981
2020-12-20,cafe ＆ bar GOODIES,38.424966,141.27981
2020-12-19,花カフェFLOWA,38.424966,141.27981
2020-12-19,サンマルクカフェ 目黒東口店,38.424966,141.27981
2020-12-19,山登寿,38.424966,141.27981
2020-12-18,シナモロールカフェ京都店,38.424966,141.27981
2020-12-18,シルバニア森のキッチン 横浜ワールドポーターズ店,38.424966,141.27981
2020-12-13,RONDINO ロンディーノ,38.424966,141.27981
2020-12-13,DEAN & DELUCA カフェ青山,38.424966,141.27981
2020-12-10,カフェ・フローラ (CAFE FLORA),38.424966,141.27981
2020-12-06,パディントン,38.424966,141.27981
2020-12-05,ベーカリーカフェローフ 川崎店,38.424966,141.27981
2020-12-05,レストハウスつるみ,38.424966,141.27981
2020-12-03,UCCカフェ コンフォート 神戸市庁舎店,38.424966,141.27981
2020-12-02,Cafe Rondino,38.424966,141.27981
2020-12-01,hane-cafe（ハネカフェ）,38.424966,141.27981
2020-12-01,神楽坂ボードゲームカフェ RE:ALL,38.424966,141.27981
2020-11-30,キッチン涼花,38.424966,141.27981
2020-11-29,麹町カフェ,38.424966,141.27981
2020-11-29,銀座洋食三笠會館 / カフェ三笠  江戸東京博物館店,38.424966,141.27981
2020-11-28,19TEA,38.424966,141.27981
2020-11-28,スターアイル,38.424966,141.27981
2020-11-28,LeBRESSOレブレッソ 名古屋矢場町店,38.424966,141.27981
2020-11-26,ファインクック・こと,38.424966,141.27981
2020-11-24,Weekend Garage Tokyo,38.424966,141.27981
2020-11-16,XFLAG STORE 全店,38.424966,141.27981
2020-11-15,ローズベーカリー 伊勢丹新宿店,38.424966,141.27981
2020-11-09,フクロウカフェもふもふ新宿店,38.424966,141.27981
2020-11-08,PRONT プロント東梅田店,38.424966,141.27981
2020-11-08,76CAFE omotesanto,38.424966,141.27981
2020-11-02,食遊館 鹿六,38.424966,141.27981
2020-11-02,Cafe Restaurant MAHALO,38.424966,141.27981
2020-11-02,鳥のいるカフェ浅草店,38.424966,141.27981
2020-10-30,アニメイトカフェ仙台 / アニメイトカフェショップ仙台,38.424966,141.27981
2020-10-29,サラベス大阪 Sarabeth’s Osaka,38.424966,141.27981
2020-10-26,プロムナードカフェ四条寺町店,38.424966,141.27981
2020-10-26,ハングオンカフェ,38.424966,141.27981
2020-10-26,ほしまるカフェ,38.424966,141.27981
2020-10-25,Cafe Miyama 渋谷公園通り店,38.424966,141.27981
2020-10-23,ポムポムプリンカフェ 梅田店,38.424966,141.27981
2020-10-21,猫カフェきゃりこ 新宿店,38.424966,141.27981
2020-10-20,厨 loteat（くりや ロッティート）,38.424966,141.27981
2020-10-18,リアン サンドウィッチ カフェ 横浜店,38.424966,141.27981
2020-10-17,ごはんdeカフェ ニッケパークタウン加古川店,38.424966,141.27981
2020-10-17,PRONTOプロント 上野しのばず口店,38.424966,141.27981
2020-10-14,YURT神戸店,38.424966,141.27981
2020-10-13,ベビーフェイスプラネッツ 春日店,38.424966,141.27981
2020-10-11,猫カフェ 猫家 大宮店,38.424966,141.27981
2020-10-11,芸術銭湯+Café 宮の湯,38.424966,141.27981
2020-10-11,LeBRESSO(レブレッソ) 富山婦中店,38.424966,141.27981
2020-10-08,ELLE café Aoyama エルカフェ青山店,38.424966,141.27981
2020-10-06,エイトーパークカフェ プライムツリー赤池店,38.424966,141.27981
2020-10-06,エイトーパークカフェららぽーと名古屋港アクルス店,38.424966,141.27981
2020-10-06,エイトーパークカフェ犬山店,38.424966,141.27981
2020-10-05,cafe gelo (カフェ ジェロ),38.424966,141.27981
2020-10-04,cafe haven’t we met（カフェハヴントウィーメット）本店,38.424966,141.27981
2020-10-04,Eggs’n Things横浜山下公園店（エッグスンシングス）,38.424966,141.27981
2020-10-03,ピエスモンテ,38.424966,141.27981
2020-10-02,CAFE BAR KARAKORUM（カラコルム）,38.424966,141.27981
2020-10-02,STATION CAFE BASEL,38.424966,141.27981
2020-09-29,サンマルクカフェ 茗荷谷駅前店,38.424966,141.27981
2020-09-28,99 tsukumo harbor terrace（ツクモ ハーバーテラス）,38.424966,141.27981
2020-09-28,cafe dining cocochi 京都西大路,38.424966,141.27981
2020-09-28,レストラン高砂,38.424966,141.27981
2020-09-28,カフェ&ギャラリー Le Cottage,38.424966,141.27981
2020-09-27,PRONTO プロント 阪急かっぱ横丁店,38.424966,141.27981
2020-09-27,吾妻茶寮,38.424966,141.27981
2020-09-26,Decor De Cozy cafe（デコール デ コージー カフェ）,38.424966,141.27981
2020-09-26, ふるーつもいいかも。,38.424966,141.27981
2020-09-26,グリーンカフェ八雲,38.424966,141.27981
2020-09-26,メルヘン 県立地球市民プラザ店,38.424966,141.27981
2020-09-26,メルヘン県立青少年センター店,38.424966,141.27981
2020-09-25,カフェ ドリーム エイト,38.424966,141.27981
2020-09-24,XFLAG STORE + HANEDA,38.424966,141.27981
2020-09-24,カフェ珈人,38.424966,141.27981
2020-09-23,アロハカフェ カピリナ,38.424966,141.27981
2020-09-22,ル・シエール,38.424966,141.27981
2020-09-22,PRONTO プロント 大宮ラクーン店,38.424966,141.27981
2020-09-20,Café＆Meal_MUJIシエスタハコダテ,38.424966,141.27981
2020-09-20,MAISON KAYSER Table(メゾン カイザー テーブル) 渋谷ヒカリエ店,38.424966,141.27981
2020-09-18,桜道Cafe,38.424966,141.27981
2020-09-16,KING GEORGE キングジョージ,38.424966,141.27981
2020-09-15,FRANCOIS（フランソワ）,38.424966,141.27981
2020-09-15,黒酢レストラン 黒酢本舗 桷志田 なんばスカイオ店,38.424966,141.27981
2020-09-14,Legare,38.424966,141.27981
2020-09-12,モスカフェ烏丸六角店,38.424966,141.27981
2020-09-12,Cafe Mamma,38.424966,141.27981
2020-09-11,サンマルクカフェ 山手台店,38.424966,141.27981
2020-09-08,Cafe ＆ Bar Milano 草加店,38.424966,141.27981
2020-09-08,コトリカフェ,38.424966,141.27981
2020-09-07,Brown Drop,38.424966,141.27981
2020-09-07,Spoke Cafe（スポークカフェ）,38.424966,141.27981
2020-09-07,Cafe de mori-kun STAND,38.424966,141.27981
2020-09-07,俺のBakery＆Cafe 新宿京王モール,38.424966,141.27981
2020-09-06,サンマルクカフェ MEGAドン・キホーテ港山下ナナイロ店,38.424966,141.27981
2020-09-06,ロイヤルガーデンカフェ目白,38.424966,141.27981
2020-09-05,しろくまカフェ高田馬場店,38.424966,141.27981
2020-09-04,M’s CAFE（エムズカフェ）,38.424966,141.27981
2020-09-03,不二家レストラン 大和つきみ野店,38.424966,141.27981
2020-09-03,不二家 レストラン津島店,38.424966,141.27981
2020-09-02,サンドッグイン神戸屋 八重洲店,38.424966,141.27981
2020-09-02,ポムポムプリンカフェ 横浜店,38.424966,141.27981
2020-09-01,カフェ青山 イオンスタイル新百合ヶ丘店,38.424966,141.27981
2020-08-30,アンテノール武庫之荘店,38.424966,141.27981
2020-08-29,緋毬,38.424966,141.27981
2020-08-28,サンマルクカフェ MEGAドン・キホーテ函館店,38.424966,141.27981
2020-08-27,CafetheLaunch 中洲店,38.424966,141.27981
2020-08-26,Cafe mog,38.424966,141.27981
2020-08-26,カフェ＆パスタ ドーノドーノ仙台泉店,38.424966,141.27981
2020-08-25,PRONTO 東京ソラマチ店,38.424966,141.27981
2020-08-24,レストラン エア・ポート,38.424966,141.27981
2020-08-23,シャポーブラン八事店,38.424966,141.27981
2020-08-22,不二家レストラン宇都宮東武店,38.424966,141.27981
2020-08-22,PRONTO プロント 浅草店,38.424966,141.27981
2020-08-22,PRONTO プロント 虎ノ門1丁目店,38.424966,141.27981
2020-08-22,PRONTO プロント 立川北口店,38.424966,141.27981
2020-08-19,ミールカフェ 名古屋店,38.424966,141.27981
2020-08-18,NEW YORKER’S Cafe 町田店,38.424966,141.27981
2020-08-14,cafe Morozoff（カフェ モロゾフ）イオンレイクタウン店,38.424966,141.27981
2020-08-13,Alee Beach（アリービーチ）渋谷宇田川町店,38.424966,141.27981
2020-08-13,PRONTO プロント 亀有店,38.424966,141.27981
2020-08-11,Gagnon Café ギャニオンカフェ,38.424966,141.27981
2020-08-11,Caffe Macolla（カフェ マコーラ）,38.424966,141.27981
2020-08-10,つんつんぶんのりんご,38.424966,141.27981
2020-08-10,イートン桜町店,38.424966,141.27981
2020-08-09,エルメス御堂筋店,38.424966,141.27981
2020-08-08,HanamizukiCafe 宇都宮店,38.424966,141.27981
2020-08-08,HanamizukiCafe 仙台店,38.424966,141.27981
2020-08-07,PRONTO 福岡赤坂店,38.424966,141.27981
2020-08-03,アニメプラザ池袋店,38.424966,141.27981
2020-08-02,PRONTO 池袋サンシャイン通り店,38.424966,141.27981
2020-08-01,cafe & bar What A Wonderful World（cafe & bar W3D）,38.424966,141.27981
2020-07-28,Café_MUJIアトレヴィ巣鴨,38.424966,141.27981
2020-07-24,カフェダイニング・J,38.424966,141.27981
2020-07-20,MAISON KAYSER Table三軒茶屋店,38.424966,141.27981
2020-07-20,＆COFFEE MAISON KAYSER銀座一丁目店,38.424966,141.27981
2020-07-18,パティスリーテラスエルSPAL仙台店,38.424966,141.27981
2020-07-18,カフェ・ド・サンティエ,38.424966,141.27981
2020-07-18,美少女戦士セーラームーン -SHINING MOON TOKYO-,38.424966,141.27981
2020-07-17,ア・ラ・カンパーニュ大濠公園店,38.424966,141.27981
2020-07-14,モンスーンカフェG-Zone銀座,38.424966,141.27981
2020-07-14,カフェ ラ・ボエムG-Zone銀座,38.424966,141.27981
2020-07-13,倉敷フクロウの森,38.424966,141.27981
2020-07-13,くらしきハリネズミの森,38.424966,141.27981
2020-07-13,倉敷豆柴カフェ,38.424966,141.27981
2020-07-13,カフェ 小町,38.424966,141.27981
2020-07-13,Cat Cafe ねころび,38.424966,141.27981
2020-07-13,キャトル・セゾン神戸/カフェキャトル,38.424966,141.27981
2020-07-12,ホテルのカフェ,38.424966,141.27981
2020-07-11,モルモット雑貨カフェ もる組（morugumi）,38.424966,141.27981
2020-07-08,喫茶室ルノアール 千駄ヶ谷駅前店,38.424966,141.27981
2020-07-08,Cafeルノアール ニュー八重洲北口店,38.424966,141.27981
2020-07-07,まなび✕あそびカフェ 仙台,38.424966,141.27981
2020-07-05,仏生山 レストラン / カフェアジール,38.424966,141.27981
2020-07-05,ALCAFE CONAMI アルカフェコナミ,38.424966,141.27981
2020-07-04,アンデルセンカフェ広島T-SITE店,38.424966,141.27981
2020-07-04,野ふうど 県庁東店,38.424966,141.27981
2020-06-28, レフェクトワール,38.424966,141.27981
2020-06-28,珈琲処えきす・かふぇ 函館店,38.424966,141.27981
2020-06-21,MeetFresh 鮮芋仙 吉祥寺北口店,38.424966,141.27981
2020-06-21,TOYS CAFE キャナルシティ博多店,38.424966,141.27981
2020-06-20,ちどり,38.424966,141.27981
2020-06-19,エルムの森ショップ・カフェ,38.424966,141.27981
2020-06-16,グリル展望,38.424966,141.27981
2020-06-15,レストランローズ,38.424966,141.27981
2020-06-13,カフェレストMG-Ⅱ,38.424966,141.27981
2020-06-13,猫カフェ 天使のこねこネコ,38.424966,141.27981
2020-06-11,Hiranoya （ヒラノヤ）,38.424966,141.27981
2020-06-08,里親募集型猫カフェ 猫縁～ねこえん～,38.424966,141.27981
2020-06-08,アーユルヴェーダ・カフェ ディデアン,38.424966,141.27981
2020-06-06,カフェ＆バルSpica,38.424966,141.27981
2020-06-04,りんくるカフェ八王子店,38.424966,141.27981
2020-06-04,advance cafe. （アドバンスカフェ）,38.424966,141.27981
2020-06-01,和田門,38.424966,141.27981
2020-05-29,アンジュ 美しが丘西店,38.424966,141.27981
2020-05-29,BakeShop ‘and,38.424966,141.27981
2020-05-25,ベーカリーレストランサンマルク 船橋夏見台店,38.424966,141.27981
2020-05-25,カフェゆっくり堂,38.424966,141.27981
2020-05-23,navi cafe ナビカフェ,38.424966,141.27981
2020-05-23,フジバンビ神戸栄町通店,38.424966,141.27981
2020-05-22,ウズナオムオム 駒込,38.424966,141.27981
2020-05-19,Cafe de Ryokan カフェ ド 良寛,38.424966,141.27981
2020-05-19,Marche & Cafe hana・yasai 名古屋栄店,38.424966,141.27981
2020-05-18,ハードロックカフェ福岡,38.424966,141.27981
2020-05-18,猫カフェ 福猫茶房,38.424966,141.27981
2020-05-18,Cat Room ねこりば,38.424966,141.27981
2020-05-18,猫カフェPuchiMarry横浜元町店,38.424966,141.27981
2020-05-18,猫カフェ Puchi Marry 熊本下通り店,38.424966,141.27981
2020-05-16,B ESPRESSO MORIHICO.+ D,38.424966,141.27981
2020-05-15,オカジョブカフェ,38.424966,141.27981
2020-05-14,Caffe Epica,38.424966,141.27981
2020-05-13,じょいあす新潟会館,38.424966,141.27981
2020-05-13,レストランぶんご,38.424966,141.27981
2020-05-13,カフェKIHARU,38.424966,141.27981
2020-05-12,ノイモンド オーガニック カフェ ル・トロワ店,38.424966,141.27981
2020-05-11,ide cafe イオンタウン守谷店,38.424966,141.27981
2020-05-07,カフェレストラン ラティーラ,38.424966,141.27981
2020-05-07,CAFE 202 全店,38.424966,141.27981
2020-05-05,カフェ萬屋宗兵衛,38.424966,141.27981
2020-05-05,FRANZE & EVANS LONDON 表参道店,38.424966,141.27981
2020-05-03,SMIRK CAFE（スマークカフェ）,38.424966,141.27981
2020-05-02,RepRevo 爬虫類カフェ,38.424966,141.27981
2020-05-01,SHISHA CAFE CIRCUS duo シーシャ カフェ キルクス ドゥオ,38.424966,141.27981
2020-05-01,ねこコレ 新潟市役所前店,38.424966,141.27981
2020-05-01,エンジョイ！カフェ,38.424966,141.27981
2020-04-30,ARiSE COFFEE ALTERNATIVE,38.424966,141.27981
2020-04-30,MKレストラン 那珂川店,38.424966,141.27981
2020-04-29,和風れすとらん とりみき,38.424966,141.27981
2020-04-26,カフェ・ベローチェ 多摩センター駅前店,38.424966,141.27981
2020-04-26,CAFE FLAMINGO（カフェフラミンゴ）フェザン店,38.424966,141.27981
2020-04-24,Cafe&Dolceチャリオット,38.424966,141.27981
2020-04-15,庄内MEAT YOU やくけっちゃーの,38.424966,141.27981
2020-04-13,ウミエラ館,38.424966,141.27981
2020-04-11,ラナイカフェ イオン札幌桑園店,38.424966,141.27981
2020-04-02,猫カフェ キャットストリート,38.424966,141.27981
2020-03-29,彩風亭,38.424966,141.27981
2020-03-28,池袋STORIA,38.424966,141.27981
2020-03-27,ことりカフェ吉祥寺,38.424966,141.27981
2020-03-24,Oh!waikiki けやきウォーク前橋,38.424966,141.27981
2020-03-22,カフェ カークスKIRKS,38.424966,141.27981
2020-03-19,ホリーズカフェベルファ宇治店,38.424966,141.27981
2020-03-16,ピエールプレシュウズ長久手本店,38.424966,141.27981
2020-03-16,Kenny’s coffee（ケニーズコーヒー）,38.424966,141.27981
2020-03-14,cafe&furniture classico クラシコ,38.424966,141.27981
2020-03-11,Cafe + Trattoria M カフェ トラットリア エム,38.424966,141.27981
2020-03-09,神戸クリオロカフェ,38.424966,141.27981
2020-03-08,Salon de Cafe(サロンドカフェ),38.424966,141.27981
2020-03-08,創作空間caféアトリエ中崎町店,38.424966,141.27981
2020-03-06,セガフレード・ザネッティ・エスプレッソ 九段下 千鳥ヶ淵店,38.424966,141.27981
2020-03-05,cafe GARDEN カフェ ガーデン,38.424966,141.27981
2020-03-05,ねこと癒し トモカフェ,38.424966,141.27981
2020-03-01,K’sベーカリー 港北PA（下り）,38.424966,141.27981
2020-02-27,cafe flaner カフェ フラネ,38.424966,141.27981
2020-02-25,ソリッド・アンド・リキッド コミコミスタジオ町田,38.424966,141.27981
2020-02-25,アニメイトカフェ神戸三宮,38.424966,141.27981
2020-02-25,KOEI TECMO CAFE & DINING（コーエーテクモカフェ&ダイニング）,38.424966,141.27981
2020-02-24,CAFE DE BRASILIA カフェデブラジリア,38.424966,141.27981
2020-02-24,カフェ・レジェロ アスティ静岡店,38.424966,141.27981
2020-02-24,T CAFE（ティーカフェ）,38.424966,141.27981
2020-02-23,中目黒 Five Star Cafe,38.424966,141.27981
2020-02-23,CAFE LITTLE MATILDA カフェ リトル マチルダ,38.424966,141.27981
2020-02-22,WORLD BREAKFAST ALLDAY 原宿店,38.424966,141.27981
2020-02-20,創作カフェ 蒼,38.424966,141.27981
2020-02-17,ラナイカフェ イオンモール和歌山店,38.424966,141.27981
2020-02-15,ころも農園 蔵カフェ&マルシェ,38.424966,141.27981
2020-02-15,パンケーキcafeあいあん,38.424966,141.27981
2020-02-15,はろうきてぃ茶寮 江ノ島店,38.424966,141.27981
2020-02-14,縁-ENISHI-,38.424966,141.27981
2020-02-13,レストランけやき,38.424966,141.27981
2020-02-09,本棚食堂mizu,38.424966,141.27981
2020-02-08,Cafe of Union Square,38.424966,141.27981
2020-02-08,GORILLA POP CAFE 新宿,38.424966,141.27981
2020-02-05,カフェ・ベローチェ 厚木田村町通り店,38.424966,141.27981
2020-02-04,カフェ・ベローチェ 新横浜店,38.424966,141.27981
2020-02-04,ベーカリーレストランサンマルク Colette・Mare みなとみらい店,38.424966,141.27981
2020-02-03,CinemaCafe Pizzeria BAR,38.424966,141.27981
2020-02-02,PRONTOプロント 横浜西口北幸店,38.424966,141.27981
2020-02-01,ソルビン 天神 （SULBING TENJIN）,38.424966,141.27981
2020-01-28,サンマルクカフェ 北大路ビブレ店,38.424966,141.27981
2020-01-27,ダッキーダック イオンモール川口前川店,38.424966,141.27981
2020-01-27,DRIVE TO GO,38.424966,141.27981
2020-01-26,GREENBOWL 神田店,38.424966,141.27981
2020-01-20,バケット イオンモール直方店,38.424966,141.27981
2020-01-20,ことりカフェ 巣鴨,38.424966,141.27981
2020-01-19,ロイヤルガーデンカフェたまプラーザ店,38.424966,141.27981
2020-01-18,サンマルクカフェ アクアウォーク大垣店,38.424966,141.27981
2020-01-15,366 SPORTS HIROSHIMA,38.424966,141.27981
2020-01-13,レストラン ロマネ,38.424966,141.27981
2020-01-09,bonjour records LUMINE新宿店,38.424966,141.27981
2020-01-08,HANDS EXPO CAFE,38.424966,141.27981
2020-01-06,BABY FACE PLANET’S 和白店,38.424966,141.27981
2020-01-05,puppy cafe RIO春日井店,38.424966,141.27981
2019-12-30,神戸屋キッチン ららテラス武蔵小杉店,38.424966,141.27981
2019-12-28,PRONTO IL BARプロント イルバール 田町店,38.424966,141.27981
2019-12-28,スクウェア・エニックス カフェ東京,38.424966,141.27981
2019-12-28,楠茶館~KusunokiCafe ダイニングレストラン,38.424966,141.27981
2019-12-28,trois,38.424966,141.27981
2019-12-27,サンマルクカフェ エルミこうのすショッピングモール店,38.424966,141.27981
2019-12-26,イタリアン・トマト カフェ イオンモール盛岡店,38.424966,141.27981
2019-12-18,メゾンレクラ（Maison l’éclat）,38.424966,141.27981
2019-12-15,マンハッタンエクスプレス,38.424966,141.27981
2019-12-11,VREX（ヴィレックス）新宿店,38.424966,141.27981
2019-12-08,café de GAMOYON カフェドガモヨン,38.424966,141.27981
2019-12-07,壱服庵,38.424966,141.27981
2019-12-07,ハンプティーダンプティー高松伏石店,38.424966,141.27981
2019-12-07,小樽芸術村ミュージアムカフェ,38.424966,141.27981
2019-12-04,Live Space Speak Low スピークロウ,38.424966,141.27981
2019-12-04,詩とパンと珈琲 モンクール,38.424966,141.27981
2019-12-01,ヒーリングスペースAVA,38.424966,141.27981
2019-11-29,アニメイトカフェ福岡天神,38.424966,141.27981
2019-11-28,眺めのいいカフェ パ・ノ・ラ・マ,38.424966,141.27981
2019-11-24,ALOHA CAFE LILIKOI,38.424966,141.27981
2019-11-23,ペパーミントカフェ,38.424966,141.27981
2019-11-23,カフェ＆パンケーキ gram 高岡店,38.424966,141.27981
2019-11-19,AKB48 CAFE&SHOP AKIHABARA,38.424966,141.27981
2019-11-18,関西国際空港スカイビューカフェ,38.424966,141.27981
2019-11-18,レジェンドオブコンコルド,38.424966,141.27981
2019-11-16,鹿児島県庁18F 展望レストラン ラテラス,38.424966,141.27981
2019-11-14,いたがき ITAGAKI TBCハウジング店,38.424966,141.27981
2019-11-06,MOYAI CAFE（モヤイカフェ）,38.424966,141.27981
2019-10-20,カンテグランデ グランフロント大阪店,38.424966,141.27981
2019-10-20,カフェレストラン リップル,38.424966,141.27981
2019-10-20,CINEMA BOOK CAFEなんばパークス店,38.424966,141.27981
2019-10-19,FRANZE & EVANS LONDON 京都三条店,38.424966,141.27981
2019-10-17,PRONTOプロント宇都宮パセオ店,38.424966,141.27981
2019-10-14,六鹿,38.424966,141.27981
2019-10-03,アウルの森 秋葉原店,38.424966,141.27981
2019-10-02,創作空間caféアトリエ日本橋店,38.424966,141.27981
2019-09-29,サンマルクカフェ ビッグホップガーデンモール印西店,38.424966,141.27981
2019-09-28,DNS POWER CAFE 中野,38.424966,141.27981
2019-09-25,原宿ミルクホール,38.424966,141.27981
2019-09-21,ポムポムプリンカフェ名古屋店,38.424966,141.27981
2019-09-17,木と水と土と 新山下店,38.424966,141.27981
2019-09-16,カフェmoi（モイ）,38.424966,141.27981
2019-09-14,PRONTO 勝どき店,38.424966,141.27981
2019-09-09,Cafe＆Dining ダモンデ,38.424966,141.27981
2019-09-09,PARK SIDE CAFE ecute大宮,38.424966,141.27981
2019-09-08,Cinnamon’s Restaurant（シナモンズ ）表参道店,38.424966,141.27981
2019-09-07,保護猫カフェマンチカン京橋,38.424966,141.27981
2019-09-07,八百屋CAFFEヤサイクル 逗子海岸店,38.424966,141.27981
2019-09-07,八百屋CAFFEヤサイクル 横須賀店,38.424966,141.27981
2019-09-07,efish エフィッシュ,38.424966,141.27981
2019-09-06,ベビーフェイスプラネッツ 松井山手店,38.424966,141.27981
2019-09-03,Ivorish（アイボリッシュ）那覇,38.424966,141.27981
2019-09-02,魔法の国のアリス,38.424966,141.27981
2019-09-01,kitchen KAZU キッチンカズ,38.424966,141.27981
2019-09-01,オーチャードカフェ甲府駅前店,38.424966,141.27981
2019-08-30,ポケストップ 那覇オーパ,38.424966,141.27981
2019-08-22,MEALS （ミールズ）,38.424966,141.27981
2019-08-22,楽天カフェ二子玉川ライズSC店,38.424966,141.27981
2019-08-21,WA CAFE AIM,38.424966,141.27981
2019-08-17,LOLO giardino Cafe(ロロ ジャルディーノ カフェ),38.424966,141.27981
2019-08-17,Cafe & Space KURASU,38.424966,141.27981
2019-08-16,JB CAFEフォレオ大津,38.424966,141.27981
2019-08-12,MISOY,38.424966,141.27981
2019-08-07,カフェ88,38.424966,141.27981
2019-08-06,アニON STATION名古屋ビーカム栄(BECOME SAKAE)店,38.424966,141.27981
2019-07-31,なぞともカフェ名古屋栄店,38.424966,141.27981
2019-07-31,cafe & pancake gram サンシャインサカエ店,38.424966,141.27981
2019-07-27,J-CAFE ジ アウトレット広島店,38.424966,141.27981
2019-07-21,Tuba’sテューバーズ 富良野市弥生店,38.424966,141.27981
2019-07-16,味工房ほなみ帯広の森店,38.424966,141.27981
2019-07-15,HUMPTY DUMPTY ハンプティーダンプティー 岡崎店,38.424966,141.27981
2019-07-12,cafe＆bar299,38.424966,141.27981
2019-07-12,ヴィ・ド・フランス カフェ仙台青葉店,38.424966,141.27981
2019-07-07,家カフェおたまららぽーと新三郷店,38.424966,141.27981
2019-06-30,Jin x gudetama Cafe,38.424966,141.27981
2019-06-30,Cafe de MiNara,38.424966,141.27981
2019-06-24,PRONTO プロント  信濃町店,38.424966,141.27981
2019-06-24,エ・プロント 千葉大学医学部附属病院店,38.424966,141.27981
2019-06-22,MMCオーガニックカフェ 北シェフズデッキ店,38.424966,141.27981
2019-06-18,シャローム 津田沼店,38.424966,141.27981
2019-06-18,B・G・M （ビージーエム）,38.424966,141.27981
2019-06-18,猫カフェPuchiMarry六本木店,38.424966,141.27981
2019-06-16,DIVISION CAFE,38.424966,141.27981
2019-06-16,ANCLAR 海老名 （アンクラー 海老名）,38.424966,141.27981
2019-06-15,ボードゲームカフェ アリスの時計,38.424966,141.27981
2019-06-12,トワイライトカフェ,38.424966,141.27981
2019-06-11,リンツ ショコラ カフェ銀座店,38.424966,141.27981
2019-06-09,D&DEPARTMENT SHIZUOKA by TAITA,38.424966,141.27981
2019-06-08,TOWER RECORDS CAFE 福岡天神店,38.424966,141.27981
2019-06-08,ベーカリー＆カフェ ルパ めじろ台店,38.424966,141.27981
2019-06-08,TORITO CAFE （トリト カフェ）,38.424966,141.27981
2019-06-08,Bean&Pop ビーンアンドポップ,38.424966,141.27981
2019-06-08,Cafe KOTO,38.424966,141.27981
2019-06-07,secretGATE CAFE (シークレットゲートカフェ),38.424966,141.27981
2019-06-07,オン ザ コーナー,38.424966,141.27981
2019-06-05,カレー&カフェ かのん,38.424966,141.27981
2019-06-01,カフェNAMBAN,38.424966,141.27981
2019-05-26,+fine!（プラスファイン）,38.424966,141.27981
2019-05-26,indigo maruyama （インディゴ マルヤマ）,38.424966,141.27981
2019-05-26,カフェグリーンブリーズ,38.424966,141.27981
2019-05-25,FLOWERS Common渋谷,38.424966,141.27981
2019-05-21,OneDay Café,38.424966,141.27981
2019-05-21,アニメイトカフェショップ新宿,38.424966,141.27981
2019-05-13,cafe anon,38.424966,141.27981
2019-05-13,グランディール豊明店,38.424966,141.27981
2019-05-13,マダム ブロ 東京駅京葉ストリート店,38.424966,141.27981
2019-05-11,カフェ メゾン,38.424966,141.27981
2019-05-11,WR CAFE ダバールカフェ イオンモール春日部店,38.424966,141.27981
2019-05-08,Stella Monte ステラモンテ,38.424966,141.27981
2019-05-08,CAFE SPAZIO,38.424966,141.27981
2019-05-08,猫まるカフェeast,38.424966,141.27981
2019-05-06,オアシス21 バスターミナル ショップ,38.424966,141.27981
2019-05-05,gallary & cafe かわらばん家,38.424966,141.27981
2019-05-04,IRONCAFe アイアンカフェ,38.424966,141.27981
2019-05-03,アイランド・ヴィンテージ・コーヒー青山店,38.424966,141.27981
2019-05-03,カフェ＆レストラン ブラヴォー,38.424966,141.27981
2019-05-02,TAMAGO CAFE GOO （タマゴ カフェ グー）,38.424966,141.27981
2019-04-30,もぐもぐカフェ,38.424966,141.27981
2019-04-27,MARBLE COFFEE,38.424966,141.27981
2019-04-20,文教堂 カルチャーエージェント カフェ 渋谷店,38.424966,141.27981
2019-04-17,CAFE ANTI  カフェ アンティ,38.424966,141.27981
2019-04-16,Global Cafe グローバルカフェ,38.424966,141.27981
2019-04-13,梅田ライム,38.424966,141.27981
2019-04-03,ウェルネスカフェTAMARIBAイオンタウン黒崎店,38.424966,141.27981
2019-03-24,Cafe Plenty（カフェプレンティ）阪急梅田駅3階店,38.424966,141.27981
2019-03-17,銀座Gourmand Grille＆Cafe,38.424966,141.27981
2019-03-17,アンデルセンカフェ広島西医療センター店,38.424966,141.27981
2019-03-07,ぶーみんvinum 東京スクエアガーデン店,38.424966,141.27981
2019-03-06,PRINTEMPS BLANC GREEN PARK CAFE,38.424966,141.27981
2019-03-05,くだもの厨房 オーチャードカフェ,38.424966,141.27981
2019-03-05,サンマルクカフェ 三田ウッディタウン店,38.424966,141.27981
2019-03-02,プルネール カフェ マリノア店,38.424966,141.27981
2019-03-01,マザームーンカフェ阪急三宮西口店,38.424966,141.27981
2019-03-01,刀剣乱舞2.5Dカフェ×刀剣茶寮,38.424966,141.27981
2019-03-01,スタンダードブックストア心斎橋,38.424966,141.27981
2019-02-26,小金井タウンショップ 黄金や,38.424966,141.27981
2019-02-25,gram 高槻店,38.424966,141.27981
2019-02-24,CaFe LA MILLE カフェラミル 鎌倉小町通り店,38.424966,141.27981
2019-02-23,グランサイバーカフェ バグース仙台店,38.424966,141.27981
2019-02-23,なぞともカフェ福岡天神店,38.424966,141.27981
2019-02-23,FLOU CAFE フルーカフェ,38.424966,141.27981
2019-02-16,APPLE’s Cafe&Diner（アップルズ カフェ＆ダイナー）,38.424966,141.27981
2019-02-15,英会話カフェ＆バーannex,38.424966,141.27981
2019-02-12,La Casa 岡本,38.424966,141.27981
2019-02-12,みつばちかふぇ,38.424966,141.27981
2019-02-12,カフェ・ド・クリエ プラス フィールズ南柏店,38.424966,141.27981
2019-02-12,森乃談話室,38.424966,141.27981
2019-02-11,フラッグスガーデンカフェ,38.424966,141.27981
2019-02-11,彩茶房 クイーンズ伊勢丹仙川店,38.424966,141.27981
2019-02-10,パンケーキ＆スイーツ ブラザーズカフェ 梅田オーパ店,38.424966,141.27981
2019-02-07,ワールドコーヒー京都商工会議所店,38.424966,141.27981
2019-02-06,アニメイト カフェショップ京都,38.424966,141.27981
2019-02-06,ベーカリーレストランサンマルク 宝塚店,38.424966,141.27981
2019-02-02,Say Cheese! Cafe セイチーズ カフェ ルミネ横浜店,38.424966,141.27981
2019-02-01,Humpty Dumpty 岡山下中野店,38.424966,141.27981
2019-01-28,Flight Cafe Charlie’s フライトカフェ・チャーリイズ,38.424966,141.27981
2019-01-27,cafe briller （カフェ・ブリエ）,38.424966,141.27981
2019-01-27,PRONTO 鹿児島マルヤガーデンズ店,38.424966,141.27981
2019-01-26,カフェ＆レストラン レインボー,38.424966,141.27981
2019-01-25,神楽坂 茶寮 博多マルイ店,38.424966,141.27981
2019-01-23,HEDIARDエディアール 羽田空港店,38.424966,141.27981
2019-01-22,くつろぎ処 伊那Cafe(イナカフェ),38.424966,141.27981
2019-01-21,cafe POPURI (カフェポプリ),38.424966,141.27981
2019-01-21,HATHA CAF（ハタカフェ）,38.424966,141.27981
2019-01-21,Cafe Olio Motore（カフェ オーリオ モトーレ）,38.424966,141.27981
2019-01-21,器とごはんkamogama,38.424966,141.27981
2019-01-18,Station waiting バル エスパーク　シャミネ松江店,38.424966,141.27981
2019-01-16,カフェ 中野屋,38.424966,141.27981
2019-01-15,cafe ゆとりの空間 中部国際空港店,38.424966,141.27981
2019-01-15,マリンブルー,38.424966,141.27981
2019-01-14,CHEZ MADU(シェマディ)イオンモール東久留米,38.424966,141.27981
2019-01-14,ハワイアン フード＆カフェ マノア・ロード,38.424966,141.27981
2019-01-13,はろうきてぃ茶寮 京都二寧坂店,38.424966,141.27981
2019-01-10,HADEN BOOKS ヘイデンブックス,38.424966,141.27981
2019-01-09,ライダーズカフェGreenPit,38.424966,141.27981
2019-01-07,gram群馬前橋店,38.424966,141.27981
2019-01-07,CAFÉ LA LIMONAIRE カフェ・ラ・リモネール,38.424966,141.27981
2019-01-06,EARTH CAFĒ 新鎌ヶ谷店,38.424966,141.27981
2019-01-04,PRONTO プロント 南池袋店,38.424966,141.27981
2019-01-02,世界名作劇場 FanFunKitchen,38.424966,141.27981
2019-01-02,オンリーワンダースポーツカフェ 盛岡店,38.424966,141.27981
2019-01-02,NINJA KYOTO,38.424966,141.27981
2018-12-31,WIRED KITCHEN and niko 横浜ベイクォーター店,38.424966,141.27981
2018-12-30,ハンズカフェ 東急プラザ表参道原宿,38.424966,141.27981
2018-12-29,Bottecchia CYCLE CAFE（ボテッキア サイクル カフェ）,38.424966,141.27981
2018-12-28,銀幕の国のアリス,38.424966,141.27981
2018-12-28,HIDDEN AVE.Cakes,38.424966,141.27981
2018-12-28,カフェ・アドレス 柏高島屋ステーションモール店,38.424966,141.27981
2018-12-27,ハンデルスカフェ 横浜ポルタ店,38.424966,141.27981
2018-12-27,アニメイトカフェショップ京都,38.424966,141.27981
2018-12-26,KING×PASELA CAFE,38.424966,141.27981
2018-12-26,ブリキボタン CAFE&DINING 新宿店,38.424966,141.27981
2018-12-24,Cafe Rest Goldilocks （ゴルディロックス）,38.424966,141.27981
2018-12-24,農カフェhakari,38.424966,141.27981
2018-12-23,Bal&カフェ78,38.424966,141.27981
2018-12-21,レストラン さんふぁみーる 山内店,38.424966,141.27981
2018-12-18,Cafe&Bar PATERS （カフェ&バー ペーターズ）,38.424966,141.27981
2018-12-16,TIA SUSANA  ティア・スサナ,38.424966,141.27981
2018-12-16,LA MADRAGUE マドラグ神楽坂店,38.424966,141.27981
2018-12-12,アトレ秋葉原1店1F全店,38.424966,141.27981
2018-12-11,カワウソと過ごすカフェ little otter ‏,38.424966,141.27981
2018-12-09,ゆとりの空間 大和富山店,38.424966,141.27981
2018-12-08,楽天カフェ 渋谷公園通り店,38.424966,141.27981
2018-12-08,アカシウス寄宿舎学園,38.424966,141.27981
2018-12-08,ヴィレッジヴァンガード カフェ ルミネエスト新宿,38.424966,141.27981
2018-12-07,American Diner M.C CAFE＆B.D.U.,38.424966,141.27981
2018-12-06,放課後kitchenかぷらす,38.424966,141.27981
2018-12-06,ホーリーカフェ,38.424966,141.27981
2018-12-05,泥武士 キッチン/ レストラン ぎんざ 泥武士,38.424966,141.27981
2018-12-05,DELI CAFE EXPRESS（デリ カフェ エキスプレス） 京都店,38.424966,141.27981
2018-12-05,Kafe 柘榴,38.424966,141.27981
2018-12-04,アッシュ・ド・カフェ (Ash de Cafe),38.424966,141.27981
2018-12-04,ゆとりの空間 三越広島店,38.424966,141.27981
2018-12-03,Cafe Jarrett (カフェ ジャレット),38.424966,141.27981
2018-11-29,おうちkitchen楓家,38.424966,141.27981
2018-11-28,Bianchi Café & Cycles自由が丘,38.424966,141.27981
2018-11-27,cafe LILIE,38.424966,141.27981
2018-11-26,SKE48 CAFE&SHOP,38.424966,141.27981
2018-11-25,cafe温故知新,38.424966,141.27981
2018-11-25,ベビー フェイス プラネッツ 富田林店,38.424966,141.27981
2018-11-24,DOORS CAFE,38.424966,141.27981
2018-11-20,バケット 静岡パルコ店,38.424966,141.27981
2018-11-19,Cafe Cachette（カシェット）,38.424966,141.27981
2018-11-18,譲渡型猫カフェ ねこまんま,38.424966,141.27981
2018-11-15,子安の里 まりん,38.424966,141.27981
2018-11-13,ハンズ カフェ もりのみやキューズモールBASE店,38.424966,141.27981
2018-11-13,牛久シャトー 一部施設,38.424966,141.27981
2018-11-12,Coffee books mountain ニュー喫茶,38.424966,141.27981
2018-11-12,カフェ コロンバンMELSA店,38.424966,141.27981
2018-11-12,神戸初のフクロウカフェ ビビ＆ジョージ神戸北野店,38.424966,141.27981
2018-11-11,テラリウム表参道,38.424966,141.27981
2018-11-11,ガーデンカフェ フォーリア,38.424966,141.27981
2018-11-10,レストラン 縄文,38.424966,141.27981
2018-11-10,海カフェ,38.424966,141.27981
2018-11-08,JTRRD cafe 大阪なんば店,38.424966,141.27981
2018-11-06,天空カフェ・アウラ,38.424966,141.27981
2018-11-04,カフェレストラン ルーフルーフ,38.424966,141.27981
2018-11-03,桜街茶房 集いの高倉店,38.424966,141.27981
2018-11-03,アニメコラボカフェSHIROBACO,38.424966,141.27981
2018-11-03,harumi’s  ハルミズ,38.424966,141.27981
2018-10-28,CAFE motoHOLIC,38.424966,141.27981
2018-10-27,デンマーク・ザ・ロイヤルカフェテラス 東京スクエアガーデン店,38.424966,141.27981
2018-10-27,雪ノ下 府中,38.424966,141.27981
2018-10-24,MOJA in the HOUSE 梅田EST,38.424966,141.27981
2018-10-22,NEW YORKER’S Cafe 町田中央通り店,38.424966,141.27981
2018-10-22,2tone cafe,38.424966,141.27981
2018-10-21,仙台アンパンマンこどもミュージアム＆モール ミュージアムカフェ,38.424966,141.27981
2018-10-20,TEZU cafe（テヅカフェ）,38.424966,141.27981
2018-10-20,アーマパスタ （Ama Pasta）,38.424966,141.27981
2018-10-19,ELLE café（エル カフェ）ギンザシックス店,38.424966,141.27981
2018-10-19,ELLE café（エル カフェ）六本木ヒルズ店,38.424966,141.27981
2018-10-17,神宗淀屋橋本店 併設カフェ,38.424966,141.27981
2018-10-17,名古屋占いカフェ名駅店,38.424966,141.27981
2018-10-15,Cafe ちょこんと。,38.424966,141.27981
2018-10-13,カフェチリン,38.424966,141.27981
2018-10-09,フラッグスカフェ&ダイニング 新宿店,38.424966,141.27981
2018-10-07,パラッツォ PALAZZO,38.424966,141.27981
2018-10-07,カントニーズレストラン Bon,38.424966,141.27981
2018-10-06,COFFEE & TOY さかえや,38.424966,141.27981
2018-10-06,あとりえ華,38.424966,141.27981
2018-10-06,Edy’s Bread CAFE エディーズ・ブレッドカフェ池袋店,38.424966,141.27981
2018-10-05,Cafe403,38.424966,141.27981
2018-10-04,レストラン かもしか,38.424966,141.27981
2018-10-03,ミュージックカフェデュオ,38.424966,141.27981
2018-10-02,カフェ paneto-ne (パネトーネ) ‏,38.424966,141.27981
2018-10-02,DAIKOKU cafe,38.424966,141.27981
2018-10-01,Comach cafe屋,38.424966,141.27981
2018-09-29,カフェ・ド・クリエ 赤坂山王店,38.424966,141.27981
2018-09-28,NORTHSHORE 阪急岡本駅店,38.424966,141.27981
2018-09-28,ブックスペース栄和堂,38.424966,141.27981
2018-09-24,カフェレストMIMOCA,38.424966,141.27981
2018-09-23,Cafe Blanket （カフェ ブランケット）,38.424966,141.27981
2018-09-23,レストランさんかい 幸田店,38.424966,141.27981
2018-09-23,Café & Bar Salud,38.424966,141.27981
2018-09-23,カスケード 新宿本店,38.424966,141.27981
2018-09-23,レストランぎやまん館,38.424966,141.27981
2018-09-22,カフェ杜の香り 郡山駅店,38.424966,141.27981
2018-09-22,べるしい,38.424966,141.27981
2018-09-16,LAILAICAFE(ライライカフェ),38.424966,141.27981
2018-09-16,ゆとりの空間 高松店,38.424966,141.27981
2018-09-14,Chill mie cafe チルミーカフェ,38.424966,141.27981
2018-09-12,イデカフェ アクロスモール新鎌ヶ谷店,38.424966,141.27981
2018-09-12,カフェ・ビオ,38.424966,141.27981
2018-09-11,カフェトレイン蒸気屋,38.424966,141.27981
2018-09-11,Nines House,38.424966,141.27981
2018-09-09,D×M,38.424966,141.27981
2018-09-09,カフェラ・デラ・グラッパ CAFFERA Della GRAPPA,38.424966,141.27981
2018-09-08,kawara CAFE＆DINING -FORWARD- 横浜ワールドポーターズ店,38.424966,141.27981
2018-09-08,Dining cafe Luxe(ダイニングカフェリュクス),38.424966,141.27981
2018-09-04,雪ノ下 みのおキューズモール,38.424966,141.27981
2018-09-04,CURECLUB CAFE＆SHOP,38.424966,141.27981
2018-09-04,モンスーンカフェ茶屋町,38.424966,141.27981
2018-09-04,カフェ ラ・ボエム 茶屋町,38.424966,141.27981
2018-09-03,CAFFE SOLARE アリオ亀有店,38.424966,141.27981
2018-09-02,cafe369 milk&cheese 伊佐牧場,38.424966,141.27981
2018-08-30,ブルー スカイ南ウィングカフェ,38.424966,141.27981
2018-08-30,トミーバハマ銀座店,38.424966,141.27981
2018-08-29,ZEN茶’fe,38.424966,141.27981
2018-08-27,AUX BACCHANALES オーバカナル 赤坂,38.424966,141.27981
2018-08-26,ミカフェート 呉店,38.424966,141.27981
2018-08-25,PRONTOプロント キャナルシティ博多店,38.424966,141.27981
2018-08-25,珈琲屋 カフェモカ,38.424966,141.27981
2018-08-23,green cafe（グリーンカフェ）,38.424966,141.27981
2018-08-18,TOLAND CAFE （トゥーランドカフェ）,38.424966,141.27981
2018-08-10,pie face パイフェイス渋谷モディショップ,38.424966,141.27981
2018-08-10,いしのまきカフェ「 」,38.424966,141.27981
2018-08-06,esCafe/Dining エスカフェダイニング イオン橋本店,38.424966,141.27981
2018-08-06,AlohaTableHawaiianDiner アロハテーブル豊橋店,38.424966,141.27981
2018-08-05,ごはんdeカフェ 堺北花田店,38.424966,141.27981
2018-08-05,森のリストランテRocco,38.424966,141.27981
2018-08-05,ベビーフェイスプラネッツ 太宰府店,38.424966,141.27981
2018-07-31,Cafe Ano,38.424966,141.27981
2018-07-30,nest（ネスト）,38.424966,141.27981
2018-07-24,食パン工房 まちか堂 南柏店,38.424966,141.27981
2018-07-24,cat cafe nyanny AKIBA,38.424966,141.27981
2018-07-22,カフェソラーレ Tsumugi LUCUA店,38.424966,141.27981
2018-07-17,6889cafe,38.424966,141.27981
2018-07-16,cafe GOZZO(カフェゴッツォ),38.424966,141.27981
2018-07-16,和カフェ93,38.424966,141.27981
2018-07-16,Go’s Cafe,38.424966,141.27981
2018-07-14,BOUL’ANGE 自由が丘店,38.424966,141.27981
2018-07-14,レストラン ラドニス,38.424966,141.27981
2018-07-14,カフェ 青山 女池店,38.424966,141.27981
2018-07-11,good juice Terre Table 神南本店,38.424966,141.27981
2018-07-11,男装執事 Chrysophrase カフェ クリソプレーズ,38.424966,141.27981
2018-07-11,ベークショップ神戸屋 パニッシュ五日市店,38.424966,141.27981
2018-07-10,下堂薗茶舗,38.424966,141.27981
2018-07-09,LEPOSINY CAFE レッポジーニ カフェ,38.424966,141.27981
2018-07-09,CAFFE SOLARE カフェ ソラーレ 原宿竹下通り店,38.424966,141.27981
2018-07-05,BP CAFE（BPカフェ）,38.424966,141.27981
2018-07-04,スタンダードブックストア 茶屋町店,38.424966,141.27981
2018-07-04,ふくろうの城千葉店,38.424966,141.27981
2018-07-02,チァム 西友吉祥寺店,38.424966,141.27981
2018-07-02,カフェソラーレ 府中店,38.424966,141.27981
2018-06-26,カフェコムサ 御影クラッセ店,38.424966,141.27981
2018-06-18,カフェアンドバル リズム cafe&Bar rhythm,38.424966,141.27981
2018-06-17,PRONTOプロント 京都駅ビル店,38.424966,141.27981
2018-06-17,しあわせをよぶふくろうの城 原宿店,38.424966,141.27981
2018-06-16,まかいの牧場 ファームデリ,38.424966,141.27981
2018-06-13,アンディハウス,38.424966,141.27981
2018-06-11,カフェ ペロリンガ 中野店,38.424966,141.27981
2018-06-10,AMTcafe大宮店,38.424966,141.27981
2018-06-10,BAKE CAFE すとーく,38.424966,141.27981
2018-06-05,cafe mitte (カフェ ミッテ),38.424966,141.27981
2018-06-05,カフェ レストラン 漫画人館,38.424966,141.27981
2018-06-04,グッドモーニングカフェ千駄ヶ谷,38.424966,141.27981
2018-06-03,factory ファクトリー,38.424966,141.27981
2018-06-02,AROMATIQUE CAFE  アロマティックカフェ,38.424966,141.27981
2018-06-02,PRONTO プロント四日市店　,38.424966,141.27981
2018-05-30,Cafe Beatle Club,38.424966,141.27981
2018-05-26,ドールランド みなかみ,38.424966,141.27981
2018-05-20,カフェ ラ キッシュ イオンモール羽生店,38.424966,141.27981
2018-05-19,GREEN BONDS CAFE (グリーン ボンズ カフェ),38.424966,141.27981
2018-05-19,Cafeルノアール ヨドバシAkiba横店,38.424966,141.27981
2018-05-19,RANDY ランディー,38.424966,141.27981
2018-05-18,カフェベネ 赤坂一ツ木通り店,38.424966,141.27981
2018-05-16,スプーンスタイル 東京駅一番街店,38.424966,141.27981
2018-05-14,FIKA TIME（フィーカタイム）イオン常滑店,38.424966,141.27981
2018-05-12,BRIO CAFFE(ブリオカフェ)イオンモール東員店,38.424966,141.27981
2018-05-09,和み茶寮花らん香ろん,38.424966,141.27981
2018-05-07,不二家/不二家レストラン浦和コルソ店,38.424966,141.27981
2018-05-07,カフェラミル 新宿三丁目店,38.424966,141.27981
2018-05-07,カフェラミル 上野広小路店,38.424966,141.27981
2018-05-07,キネマカフェ,38.424966,141.27981
2018-05-06,自由が丘なぞともカフェ,38.424966,141.27981
2018-05-05,CAFF Lu-Le カフェ ルゥール,38.424966,141.27981
2018-05-05,珈琲＆レストラン アンジュ 高津店,38.424966,141.27981
2018-05-04,HI！me Cafe（ハイミーカフェ） イオンスタイル umie店,38.424966,141.27981
2018-04-29,レストラン ソラノテラス,38.424966,141.27981
2018-04-23,ブルーコーンカフェ（BLUE CORN CAFE）,38.424966,141.27981
2018-04-23,FRANZE & EVANS LONDON 京都・三条店,38.424966,141.27981
2018-04-22,カフエマメヒコ宇田川町店,38.424966,141.27981
2018-04-16,カフェカルディーノ仙川店,38.424966,141.27981
2018-04-09,ダッキーダックアトレ松戸店,38.424966,141.27981
2018-04-09,chacafe 茶空楽,38.424966,141.27981
2018-04-09,VERY FANCY Loves ANNTEANA,38.424966,141.27981
2018-04-06,プロント PRONTO 新大阪南口店,38.424966,141.27981
2018-04-03,NOODOL CAFE 秋葉原ヌードルカフェ,38.424966,141.27981
2018-04-02,T.C cafe 岡山店,38.424966,141.27981
2018-03-30,Herbal cafe HIROBA（ハーバルカフェ ヒロバ）,38.424966,141.27981
2018-03-26,プラザカフェ,38.424966,141.27981
2018-03-24,maxplus cafe,38.424966,141.27981
2018-03-21,カフェトラヴィアータ,38.424966,141.27981
2018-03-21,不二家 栄地下センター店,38.424966,141.27981
2018-03-18,ふくろう茶房鳩ヶ谷店,38.424966,141.27981
2018-03-18,Rafre (ラフレ),38.424966,141.27981
2018-03-17,こもれびカフェ,38.424966,141.27981
2018-03-14,六甲牧場カフェイ オンモール神戸北店,38.424966,141.27981
2018-03-14,BUS STOP CAFE,38.424966,141.27981
2018-03-11,bran cafe,38.424966,141.27981
2018-03-10,グルテンフリーCafé RiceTerrace かまくら,38.424966,141.27981
2018-03-10,カフェプラザ枚方 ビオルネ店,38.424966,141.27981
2018-03-09,カフェ・レストラン ポールダール,38.424966,141.27981
2018-03-08,お菓子の国のアリスカフェ 新宿ミロード店,38.424966,141.27981
2018-03-08,カフェグレ 船橋西武店,38.424966,141.27981
2018-03-08,Deco Cafe Re (デコカフェ),38.424966,141.27981
2018-03-07,カフェ デュ モンド 水戸京成百貨店,38.424966,141.27981
2018-03-05,HEIMAT CAFE ハイマット カフェ,38.424966,141.27981
2018-03-05,ブレラ珈琲館,38.424966,141.27981
2018-03-04,ベーカリーレストランサンマルク 金沢東インター店,38.424966,141.27981
2018-03-04,アロハキッチン西千葉店,38.424966,141.27981
2018-03-03,MELLOW BROWN COFFEE 武蔵小杉店,38.424966,141.27981
2018-02-26,ベーカリーレストランサンマルク富山太郎丸店,38.424966,141.27981
2018-02-26,マコーレ蒲田店,38.424966,141.27981
2018-02-26,レストランいわさき,38.424966,141.27981
2018-02-22,Bshop CANTEEN ビショップカンティーン,38.424966,141.27981
2018-02-22,THE筋肉れすとらん,38.424966,141.27981
2018-02-22,Cafe SMILE（カフェスマイル）,38.424966,141.27981
2018-02-20,CAFE AMIGO (カフェ アミーゴ) ららぽーと立川立飛店,38.424966,141.27981
2018-02-20,カフェラボエム渋谷,38.424966,141.27981
2018-02-15,ココアショップ アカイトリ (COCOA SHOP AKAITORI),38.424966,141.27981
2018-02-13,CAFE AMIGO (カフェアミーゴ),38.424966,141.27981
2018-02-12,Earth&Salt アースアンドソルト,38.424966,141.27981
2018-02-10,ゲームカフェ THE WIN WIN ウィンウィン,38.424966,141.27981
2018-02-10,広野町レストラン アルパインローズ,38.424966,141.27981
2018-02-06,カフェ コロラド 新百合ヶ丘店,38.424966,141.27981
2018-02-04,Floydフロイド三島店,38.424966,141.27981
2018-02-04,marbre blanc cafeマーブルブランカフェ 福岡イオン伊都店,38.424966,141.27981
2018-02-04,レストラン太陽,38.424966,141.27981
2018-01-28,BASEBALL CAFE & BAR Sandlot,38.424966,141.27981
2018-01-25,ROSSO LUANA（ロッソ ルアナ）,38.424966,141.27981
2018-01-23,ファミリーカフェ マドカ,38.424966,141.27981
2018-01-21,なごも。阪急庄内店,38.424966,141.27981
2018-01-19,にゃんこいわ,38.424966,141.27981
2018-01-18,Cafe Bellamente ( カフェ・ベッラメンテ),38.424966,141.27981
2018-01-16,bricolage ぶりこ,38.424966,141.27981
2018-01-16,不二家/不二家レストラン 高田町店,38.424966,141.27981
2018-01-15,Pafe & Burger QOL,38.424966,141.27981
2018-01-15,カフェデニーズ 和光店,38.424966,141.27981
2018-01-15,カフェデニーズ アリオ仙台泉店,38.424966,141.27981
2018-01-14,ブレッツカフェ クレープリー ラゾーナ川崎店,38.424966,141.27981
2018-01-12,マコーレ西荻窪店,38.424966,141.27981
2018-01-11,サンマルクカフェ mozoワンダーシティ店,38.424966,141.27981
2018-01-08,ベーカリーレストランサンマルク青森小柳店,38.424966,141.27981
2018-01-07,Apsara Cafeアプサラカフェ 豊中店,38.424966,141.27981
2018-01-07,Cath’s Cafe (キャス カフェ),38.424966,141.27981
2018-01-06,B’s CAFE(ビーズカフェ)三郷店,38.424966,141.27981
2018-01-05,PRIVATE KITCHEN ヒソカ,38.424966,141.27981
2018-01-03,PATIO パティオ 鶴岡S-MALL店,38.424966,141.27981
2018-01-03,カフェダイニング エルヴェ,38.424966,141.27981
2018-01-02,ぶどうの森大山店,38.424966,141.27981
2018-01-02,Pillar Cafe,38.424966,141.27981
2018-01-02,ふくろうの森,38.424966,141.27981
2018-01-01,カフェデニーズ 大和鶴間店,38.424966,141.27981
2017-12-31,Cafe RASHIKU（カフェ ラシク）,38.424966,141.27981
2017-12-30,RRainbow テラスモール湘南,38.424966,141.27981
2017-12-29,SATSUMA DINING &BAR,38.424966,141.27981
2017-12-28,アニマルカフェ 仙台福郎,38.424966,141.27981
2017-12-26,COUTUME 青山店,38.424966,141.27981
2017-12-25,Cafe&MealMUJI横浜ベイクォーター,38.424966,141.27981
2017-12-25,カフェラミル 大阪ガーデンシティ店,38.424966,141.27981
2017-12-24,カフェ ふくろう神社,38.424966,141.27981
2017-12-23,よーじやカフェ三条店,38.424966,141.27981
2017-12-22,レストラン＆カフェ ベラビスタ,38.424966,141.27981
2017-12-22,PRONTO 千葉駅前,38.424966,141.27981
2017-12-22,不二家レストラン/不二家 太子町店,38.424966,141.27981
2017-12-22,不二家レストラン/不二家 松戸店,38.424966,141.27981
2017-12-21,ハナオカフェ柏店,38.424966,141.27981
2017-12-17,T&Chouette,38.424966,141.27981
2017-12-16,おやこカフェトゥーリズ,38.424966,141.27981
2017-12-13,不二家レストラン 渋谷店,38.424966,141.27981
2017-12-13,Little Campanella リトルカンパネラ,38.424966,141.27981
2017-12-13,kohuku sengawa,38.424966,141.27981
2017-12-11,フェアビーンズコーヒー 橦木館カフェ,38.424966,141.27981
2017-12-11,パクチーハウス東京,38.424966,141.27981
2017-12-09,フライング トマト カフェ,38.424966,141.27981
2017-12-09,食堂・音楽室 アルマカン,38.424966,141.27981
2017-12-08,ベーカリーレストランサンマルク 茨木店,38.424966,141.27981
2017-12-04,レストランふじ,38.424966,141.27981
2017-12-01,RICO DE KITCHEN 千歳烏山店,38.424966,141.27981
2017-11-29,カフェ・ド・ミンガス,38.424966,141.27981
2017-11-28,Maruta cafe マルタカフェ,38.424966,141.27981
2017-11-27,プロント千葉駅前店,38.424966,141.27981
2017-11-26,U cafe,38.424966,141.27981
2017-11-26,フライング トマト カフェ,38.424966,141.27981
2017-11-25,BROWSE CAFE ブラウズカフェ,38.424966,141.27981
2017-11-19,darts cafe ガーデン奈良三条店,38.424966,141.27981
2017-11-18,R cafe,38.424966,141.27981
2017-11-15,Spuntino（スプンティーノ）,38.424966,141.27981
2017-11-14,オーガニックデリ&カフェ みどりえ 祐天寺店,38.424966,141.27981
2017-11-12,仙台市福祉プラザ レストラン あすなろ,38.424966,141.27981
2017-11-05,レストランオホーツク,38.424966,141.27981
2017-11-04,ベビーフェイスプラネッツ 大垣店,38.424966,141.27981
2017-11-01,サンマルクカフェ クイーンズ伊勢丹横浜店,38.424966,141.27981
2017-11-01,ハンズカフェ コクーンシティ店,38.424966,141.27981
2017-10-30,ハルジョオン・ヒメジョオン LEAVES函館店,38.424966,141.27981
2017-10-30,Cafe&Bar JamJam,38.424966,141.27981
2017-10-22,レストラン憩,38.424966,141.27981
2017-10-17,KTM Cafe 大阪店,38.424966,141.27981
2017-10-08,カフェ コヨーテ イオンモール沖縄ライカム,38.424966,141.27981
2017-10-02,Planet3rd高円寺,38.424966,141.27981
2017-09-23,スタジオミュジック 高円寺店,38.424966,141.27981
2017-09-17,カフェレスト63,38.424966,141.27981
2017-09-16,Farmer’s Kitchen&Cafe ポタジェ,38.424966,141.27981
2017-09-16,アンドンカフェ （Andon cafe）,38.424966,141.27981
2017-09-16,RinzTOKYO,38.424966,141.27981
2017-09-15,サンジェルマン タンドレス 名古屋店,38.424966,141.27981
2017-09-12,町なかファームカフェ西11丁目店,38.424966,141.27981
2017-09-09,LadyBird（レディバード）,38.424966,141.27981
2017-09-08,ハンズカフェ アミュプラザ鹿児島店,38.424966,141.27981
2017-09-03,カフェ カーボ イオンモール今治新都市店,38.424966,141.27981
2017-09-01,holy （ホーリー）,38.424966,141.27981
2017-08-30,フォーシーズンらんず(和蘭豆),38.424966,141.27981
2017-08-30,NOZ BY T.Y.FARM,38.424966,141.27981
2017-08-28,Cafe de AZABUSABO 町田ジョルナ店,38.424966,141.27981
2017-08-27,梅田 阪急三番街 リバーカフェ,38.424966,141.27981
2017-08-27,デリス タルト＆カフェ 阪急三番街,38.424966,141.27981
2017-08-27,Cafe L’Arc-en-Ciel,38.424966,141.27981
2017-08-22,BOWL ららぽーと富士見店,38.424966,141.27981
2017-08-22,カフェコムサ ヨドバシ梅田店,38.424966,141.27981
2017-08-20,CAFE BREZZA （カフェ ブレッツア）,38.424966,141.27981
2017-08-18,Dining cafe maruco ダイニングカフェ マルコ,38.424966,141.27981
2017-08-16,ハンズカフェ ウィング川崎店,38.424966,141.27981
2017-08-15,Cafe Mar （カフェマール）,38.424966,141.27981
2017-08-15,Cafeダイゴ,38.424966,141.27981
2017-08-14,Ltd. cafe 二子玉川ライズ店,38.424966,141.27981
2017-08-14,カジュアルレストラングリーンズ,38.424966,141.27981
2017-08-13,ハンズカフェ福岡パルコ店,38.424966,141.27981
2017-08-11,神戸屋レストラン吹田内本町店,38.424966,141.27981
2017-08-11,ブルーハワイライフスタイル なんばCITY店,38.424966,141.27981
2017-08-11,アニマックスCAFE 東京秋葉原店,38.424966,141.27981
2017-08-06,こもれびの森,38.424966,141.27981
2017-08-05,B.S CAFE （ビーエス カフェ）,38.424966,141.27981
2017-08-04,BOWLららぽーと海老名店,38.424966,141.27981
2017-08-01,ベーカリーレストランサンマルク つくば研究学園店,38.424966,141.27981
2017-07-30,ことりに会えるカフェ クラインフォーゲル,38.424966,141.27981
2017-07-23,マンゴカフェ みらい長崎ココウォーク店,38.424966,141.27981
2017-07-22,SAIRAM（サイラム）西荻窪店,38.424966,141.27981
2017-07-17,信州うちやま農園 長野市アゲイン店,38.424966,141.27981
2017-07-15,FOODS LABO SONTON Cafe,38.424966,141.27981
2017-07-12,神戸屋キッチン 国立店,38.424966,141.27981
2017-07-11,カフェ コロラド 石神井台店,38.424966,141.27981
2017-07-10,札幌豆工房,38.424966,141.27981
2017-07-10,食事的カフェRoomK,38.424966,141.27981
2017-07-10,ウエストパークカフェ スカイファウンテン,38.424966,141.27981
2017-07-09,お野菜カフェ アトリエラムカーナ,38.424966,141.27981
2017-07-09,エルカフェ 東急プラザ蒲田店,38.424966,141.27981
2017-07-08,ドンク MARK IS みなとみらい店,38.424966,141.27981
2017-07-08,食堂カフェ cocon,38.424966,141.27981
2017-07-05,カフェ グランログス,38.424966,141.27981
2017-07-05,Green Houseくるみ,38.424966,141.27981
2017-07-05,旬鮮レストラン あやはし,38.424966,141.27981
2017-07-04,L.LovesR.(エルラブズアール),38.424966,141.27981
2017-07-04,GIOオーガニックカフェ仙台駅前店,38.424966,141.27981
2017-07-04,Ｃａｆｅ花音,38.424966,141.27981
2017-07-01,ベーカリーレストランサンマルク鳥取店,38.424966,141.27981
2017-06-28,総合東京病院 レストラン アザレア,38.424966,141.27981
2017-06-27,Gallery Zweig,38.424966,141.27981
2017-06-27,PENCAFE,38.424966,141.27981
2017-06-26,NOBU Cafe ノブカフェ 吉祥寺,38.424966,141.27981
2017-06-23,GREEN CAMP Cafe,38.424966,141.27981
2017-06-19,TOYLABO CAFE (トイラボカフェ),38.424966,141.27981
2017-06-17,K’s CAFE サークルK岡崎りぶら店,38.424966,141.27981
2017-06-17,CAFE＆BAKERY MIYABI 浅草橋店,38.424966,141.27981
2017-06-17,ショーレストラン DDPシアター 新宿店,38.424966,141.27981
2017-06-16,The Relax cafe CRADLE,38.424966,141.27981
2017-06-14,Laid Back Cafe,38.424966,141.27981
2017-06-13,cafe+bar chocon,38.424966,141.27981
2017-06-09,ベーカリーレストランサンマルク 柏の葉公園店,38.424966,141.27981
2017-06-08,りせっとcafe 関内店,38.424966,141.27981
2017-06-08,知るカフェ 早稲田大学前店,38.424966,141.27981
2017-06-07,en café,38.424966,141.27981
2017-06-07,カフェテラス M2,38.424966,141.27981
2017-06-05,SKIP KIDS川崎ルフロン店,38.424966,141.27981
2017-06-04,gooz銀座店,38.424966,141.27981
2017-06-04,RF Cafe アールエフ カフェ,38.424966,141.27981
2017-06-03,coffon (コホン),38.424966,141.27981
2017-06-03,Rastaman’s Cafe,38.424966,141.27981
2017-06-03,小さなカフェ,38.424966,141.27981
2017-06-03,鎌倉 鉢の木 カフェ,38.424966,141.27981
2017-06-03,TINY GARDEN KITCHEN 虎ノ門店,38.424966,141.27981
2017-06-02,soLella (ソレラ) 枚方店,38.424966,141.27981
2017-06-02,アジアン雑貨さらさ Cafe Che & Pho,38.424966,141.27981
2017-05-29,れすとらん 四六時中 イトーヨーカドー新浦安店,38.424966,141.27981
2017-05-28,ビストロ エマンジェ,38.424966,141.27981
2017-05-27,Cafe Leela カフェ リーラ,38.424966,141.27981
2017-05-26,CAFE89 (カフェ カトル・ヴァン・ヌフ),38.424966,141.27981
2017-05-24,SAMBAZON AÇAÍ CAFE,38.424966,141.27981
2017-05-22,カフェ・カイラ 表参道店,38.424966,141.27981
2017-05-22,CAFE & GRILL BALLY’S,38.424966,141.27981
2017-05-21,Cafe Kuma.co (カフェクマコ),38.424966,141.27981
2017-05-18,cafe tree,38.424966,141.27981
2017-05-18,Pan Mu (パン夢),38.424966,141.27981
2017-05-15,天神明治通りカフェ,38.424966,141.27981
2017-05-15,KOFFIE HUIS,38.424966,141.27981
2017-05-15,GOOD TIMES CAFE 仙台店,38.424966,141.27981
2017-05-15,岐阜会館,38.424966,141.27981
2017-05-14,菜園レストラン 近江野菜の台所,38.424966,141.27981
2017-05-13,NOHARA BY MIZUNO,38.424966,141.27981
2017-05-12,cafe capri,38.424966,141.27981
2017-05-12,Rest café+bar,38.424966,141.27981
2017-05-12,えんがわinn,38.424966,141.27981
2017-05-12,Maple Garden Café (メープルガーデンカフェ),38.424966,141.27981
2017-05-10,阪急ベーカリー＆カフェ　鈴鹿ハンター店,38.424966,141.27981
2017-05-10,GENERAL FARM’Sさんすて岡山店,38.424966,141.27981
2017-05-10,青山アンデルセン,38.424966,141.27981
2017-05-09,craft & zakka 創巣堂,38.424966,141.27981
2017-05-05,みーとカフェ,38.424966,141.27981
2017-05-02,Bakery＆Chapel Cafe セーヌの畔,38.424966,141.27981
2017-05-02,スパイスプラス 霞ヶ関イイノダイニング店,38.424966,141.27981
2017-05-02,HYPER CAFE,38.424966,141.27981
2017-05-01,THANKS ON THE TABLE. 湘南Ｔ−ＳＩＴＥ店,38.424966,141.27981
2017-05-01,ごはんカフェSHIRAKABA,38.424966,141.27981
2017-04-30,Cats cafe 22番地 小山店,38.424966,141.27981
2017-04-30,cafe manduka,38.424966,141.27981
2017-04-29,Dog Cafe Rolick,38.424966,141.27981
2017-04-29,TP’s cafe,38.424966,141.27981
2017-04-29,WIRED CAFE 宇都宮PARCO店,38.424966,141.27981
2017-04-29,OWL Cafe しあわせをよぶふくろうの城 仙台店,38.424966,141.27981
2017-04-24,道玄坂カフェ,38.424966,141.27981
2017-04-23,Moena CAFE,38.424966,141.27981
2017-04-22,カフェカルディーノ 酒々井プレミアム・アウトレット店,38.424966,141.27981
2017-04-22,Bloom,38.424966,141.27981
2017-04-18,カフェ＆バー CHARACRO (キャラクロ) 秋葉原店,38.424966,141.27981
2017-04-18,Bridge COFFEE & ICECREAM,38.424966,141.27981
2017-04-18,サンマルクカフェ 阪急岡本店,38.424966,141.27981
2017-04-18,ちどりカフェ,38.424966,141.27981
2017-04-16,ちびっこ共和国 ひなたカフェ,38.424966,141.27981
2017-04-15,カフェ デニーズ 湘南台店,38.424966,141.27981
2017-04-15,あぐりCafe ぱれっと 長洲店,38.424966,141.27981
2017-04-15,PET’s THE WORLD,38.424966,141.27981
2017-04-14,STICK SWEETS FACTORY ゆめタウン大江店,38.424966,141.27981
2017-04-12,かっぱや,38.424966,141.27981
2017-04-10,ベーカリーレストランサンマルク 新神戸店,38.424966,141.27981
2017-04-10,503cafe（ゴーマルサンカフェ）,38.424966,141.27981
2017-04-09,TEA LIGHT,38.424966,141.27981
2017-04-09,ULTRA CAFÉ 池袋店,38.424966,141.27981
2017-04-09,ベーカリーレストランサンマルク大倉山店,38.424966,141.27981
2017-04-08,PRONTO 京急羽田空港駅店,38.424966,141.27981
2017-04-08,PRONTO 横浜西口店,38.424966,141.27981
2017-04-05,café コトリ,38.424966,141.27981
2017-04-03,本棚珈琲 ららぽーと立川立飛店,38.424966,141.27981
2017-04-03,スイーツパラダイス上大岡店,38.424966,141.27981
2017-04-02,カフェ＆レストラン夢の丘,38.424966,141.27981
2017-03-28,カフェサルーン雅,38.424966,141.27981
2017-03-28,アロハカフェ カウカウ 新鎌ヶ谷店,38.424966,141.27981
2017-03-27,Salon de thé CLOVER サロン･ド･テ クローバー,38.424966,141.27981
2017-03-27,カフェレストラン シャトル,38.424966,141.27981
2017-03-27,カフェ&和酒 N3331,38.424966,141.27981
2017-03-26,スイーツパラダイス 倉敷店,38.424966,141.27981
2017-03-25,PRONTO 越谷レイクタウン店,38.424966,141.27981
2017-03-24,あまバリカフェ,38.424966,141.27981
2017-03-23,K620,38.424966,141.27981
2017-03-23,Händer,38.424966,141.27981
2017-03-23,RASMUS KLUMP CAFE,38.424966,141.27981
2017-03-22,MMCオーガニックカフェ 新横浜駅ビル店,38.424966,141.27981
2017-03-19,アロマーズ,38.424966,141.27981
2017-03-18,治一郎 アスティ藤枝店,38.424966,141.27981
2017-03-17,Cafe DOG MOFU,38.424966,141.27981
2017-03-15,カフェ伽羅,38.424966,141.27981
2017-03-12,E.H BANK （イーエイチバンク）,38.424966,141.27981
2017-03-12,リッチタイム★カフェ稲毛店,38.424966,141.27981
2017-03-11,Nature Trail Cafe. ネイチャ―トレイルカフェ,38.424966,141.27981
2017-03-11,breaq stand,38.424966,141.27981
2017-03-11,ADELE’S CAFE （アデルズ・カフェ）,38.424966,141.27981
2017-03-11,HARBOR’S CAFE 横浜港大さん橋店,38.424966,141.27981
2017-03-11,浜田市世界こども美術館ミュージアム･カフェ,38.424966,141.27981
2017-03-10,Cafe Poco a poco,38.424966,141.27981
2017-03-08,浜田市世界こども美術館 ミュージアムカフェ,38.424966,141.27981
2017-03-08,カフェ ミンピ 山町店,38.424966,141.27981
2017-03-07,ベビーフェイスプラネッツ 門真店,38.424966,141.27981
2017-02-25,AKB48カフェ＆ショップ難波店,38.424966,141.27981
2017-02-23,Herb Kitchen じりりた,38.424966,141.27981
2017-02-19,shakers cafe lounge ハービスENT店,38.424966,141.27981
2017-02-19,カフェ＆ダイニング プリマベーラ,38.424966,141.27981
2017-02-15,げんちゃんハウス,38.424966,141.27981
2017-02-12,ベーカリーレストランサンマルク石神井台店,38.424966,141.27981
2017-02-12,ベーカリーレストランサンマルク 大阪たつみ店,38.424966,141.27981
2017-02-12,ベーカリーレストランサンマルク金沢八景店,38.424966,141.27981
2017-02-12,カフェコムサ 南町田グランベリーモール店,38.424966,141.27981
2017-02-12,nagood（ナグッド）,38.424966,141.27981
2017-02-11,Cafe&Bar for Outdoors Beaver,38.424966,141.27981
2017-02-09,カフェデュモンド新百合ヶ丘ショップ,38.424966,141.27981
2017-02-09,New York Garden cafe,38.424966,141.27981
2017-02-08,CAFÉ DE ENFANT,38.424966,141.27981
2017-02-07,ジャーニィ,38.424966,141.27981
2017-02-06,パンケーキ専門店mg.,38.424966,141.27981
2017-02-05,Glick Grill （グリックグリル）,38.424966,141.27981
2017-02-05,Conselzarl イオンモール堺北花田店,38.424966,141.27981
2017-02-02,SEMBA223CAFE,38.424966,141.27981
2017-01-29,セレブ・デ・トマト 東京ドームシティ店,38.424966,141.27981
2017-01-29,雪ノ下佐野プレミアム・アウトレット,38.424966,141.27981
2017-01-28,妖怪堂,38.424966,141.27981
2017-01-27,ひつじのショーンカフェ,38.424966,141.27981
2017-01-27,ひつじのショーン茶屋,38.424966,141.27981
2017-01-24,うまごやカフェ食堂,38.424966,141.27981
2017-01-23,Cafe Bar Lilac,38.424966,141.27981
2017-01-22,Cafe blanc 2,38.424966,141.27981
2017-01-22,Arch Café,38.424966,141.27981
2017-01-22,カフェ青山万代店,38.424966,141.27981
2017-01-21,トトスクキッチン,38.424966,141.27981
2017-01-21,IZACAFE PRIMO,38.424966,141.27981
2017-01-21,Natural Garden Cafe 芽亜里,38.424966,141.27981
2017-01-20,ムーラン,38.424966,141.27981
2017-01-19,Cafe Rokuto,38.424966,141.27981
2017-01-18,シャ・ノワール・キッチン菜々彩,38.424966,141.27981
2017-01-18,アンティ・アンズ 二子玉川ライズS.C.店,38.424966,141.27981
2017-01-17,Cafe Walk,38.424966,141.27981
2017-01-17,カフェ コンコルド,38.424966,141.27981
2017-01-14,マサカフェ,38.424966,141.27981
2017-01-14,マトリョーシカ 新宿マルイ店,38.424966,141.27981
2017-01-13,カフェ&バー CHARACRO池袋店,38.424966,141.27981
2017-01-10,神戸屋シルフィー 天王寺ミオ店,38.424966,141.27981
2017-01-10,a la campagne たまプラーザテラス店,38.424966,141.27981
2017-01-10,Hawaiian Pancake Factory イオンモール広島府中店,38.424966,141.27981
2017-01-08,カフェデュモンド 茶屋町,38.424966,141.27981
2017-01-07,神戸屋キッチン 錦糸町店,38.424966,141.27981
2017-01-07,キャッスル・ハウス,38.424966,141.27981
2017-01-04,カフェ コムサ 仙台エスパル店,38.424966,141.27981
2017-01-01,ひだまり,38.424966,141.27981
2017-01-01,CafeMUJI京王聖蹟桜ヶ丘,38.424966,141.27981
2016-12-30,芦屋CAFE LaBo イオンモール宮崎店,38.424966,141.27981
2016-12-30,芦屋CAFE Labo トレッサ横浜店,38.424966,141.27981
2016-12-30,Auberge Leo Soleil（オーベルジュ レオソレイユ）,38.424966,141.27981
2016-12-29,猫カフェ くるるん,38.424966,141.27981
2016-12-29,カフェ アタゴ,38.424966,141.27981
2016-12-29,カイザーベルク阿蘇,38.424966,141.27981
2016-12-27,カフェ・ラ・フロール・ノンノン,38.424966,141.27981
2016-12-27,room deli cafe,38.424966,141.27981
2016-12-27,Cafe BONNE CHANCE,38.424966,141.27981
2016-12-26,solid and liquid TENJIN,38.424966,141.27981
2016-12-26,A971,38.424966,141.27981
2016-12-24,cafe La Porte Rouge,38.424966,141.27981
2016-12-24,cafe BOOST,38.424966,141.27981
2016-12-21,イズマイ,38.424966,141.27981
2016-12-19,Cafe de RocoMoco,38.424966,141.27981
2016-12-19,Cafe Bohem Tanya,38.424966,141.27981
2016-12-17,オートレストラン長島,38.424966,141.27981
2016-12-17,長渕剛オフィシャルカフェRock On,38.424966,141.27981
2016-12-17,Cafe Little Hands,38.424966,141.27981
2016-12-17,カフェブレーク 千里中央セルシー店,38.424966,141.27981
2016-12-17,KAIONA TOKYO,38.424966,141.27981
2016-12-16,AMT café 吉祥寺店,38.424966,141.27981
2016-12-13,ヨーヨーキッチン！,38.424966,141.27981
2016-12-13,ピーターラビットカフェ 町田モディ店,38.424966,141.27981
2016-12-12,カフェ スーク （cafe Souk & dining kitchen）,38.424966,141.27981
2016-12-11,純喫茶リエール,38.424966,141.27981
2016-12-10,mori cafe,38.424966,141.27981
2016-12-10,茶の愉 吉祥寺店,38.424966,141.27981
2016-12-10,玉屋珈琲店,38.424966,141.27981
2016-12-10,猫三昧,38.424966,141.27981
2016-12-09,caffa q,38.424966,141.27981
2016-12-08,treetop(ツリートップ),38.424966,141.27981
2016-12-06,モンスーンカフェ 麻布十番店,38.424966,141.27981
2016-12-06,パインツリーブレス 久茂地店,38.424966,141.27981
2016-12-05,Green House Cafe （グリーンハウスカフェ）,38.424966,141.27981
2016-12-05,野菜カフェ まめはな,38.424966,141.27981
2016-12-05,EARLY BIRD COFFEE,38.424966,141.27981
2016-12-05,LoLo Stile (ロロスティーレ),38.424966,141.27981
2016-12-05,café de PERRINE (カフェ ド ペリーヌ),38.424966,141.27981
2016-12-04,ニコノカフェ,38.424966,141.27981
2016-12-04,トラヤカフェ表参道ヒルズ店,38.424966,141.27981
2016-12-04,トラヤカフェ六本木ヒルズ店,38.424966,141.27981
2016-12-04,cochonnet,38.424966,141.27981
2016-12-02,DECO,38.424966,141.27981
2016-11-27,カノビアーノカフェ,38.424966,141.27981
2016-11-27,松涛カフェ Bunkamura店,38.424966,141.27981
2016-11-26,cochonne,38.424966,141.27981
2016-11-24,カフェレストラン エーデルワイス,38.424966,141.27981
2016-11-21,サニーサイド Natural & Healthy Cafe,38.424966,141.27981
2016-11-18,robin,38.424966,141.27981
2016-11-18,カフェ食堂 DEUX coleurs,38.424966,141.27981
2016-11-17,PRONTO 虎ノ門店,38.424966,141.27981
2016-11-15,ベーカリーレストランサンマルク立川店,38.424966,141.27981
2016-11-15,WITCH CAFE,38.424966,141.27981
2016-11-14,旬菜 Dining Bar cub,38.424966,141.27981
2016-11-13,SEVEN PEACE CAFE,38.424966,141.27981
2016-11-12,カフェ バー 鈍色,38.424966,141.27981
2016-11-12,LA’NANSHi ANESAMEGoi,38.424966,141.27981
2016-11-12,atta cafe,38.424966,141.27981
2016-11-09,Cafe One,38.424966,141.27981
2016-11-07,トレインカフェ,38.424966,141.27981
2016-11-04,cafe cosmonaute （カフェ コスモノート）,38.424966,141.27981
2016-11-03,Sports cafe YELL,38.424966,141.27981
2016-11-02,ベーカリーレストランサンマルク 豊中桜塚店,38.424966,141.27981
2016-11-01,ちびっこ共和国 ひまわりキッチン,38.424966,141.27981
2016-10-30,豆時計カフェ in Pocket,38.424966,141.27981
2016-10-29,レストランシャクナゲ藤岡店,38.424966,141.27981
2016-10-28,Paradise Café,38.424966,141.27981
2016-10-25,カフェ・竜,38.424966,141.27981
2016-10-23,UMIHICO,38.424966,141.27981
2016-10-21,ME ME ME,38.424966,141.27981
2016-10-20,base2.5,38.424966,141.27981
2016-10-19,カサ ラ ティーダ,38.424966,141.27981
2016-10-18,Soy+CAFE,38.424966,141.27981
2016-10-17,Bond Cafe Kitchen,38.424966,141.27981
2016-10-16,ル・コントワール,38.424966,141.27981
2016-10-15,Cafe otto,38.424966,141.27981
2016-10-14,Cafe Creperie Rateau 名鉄百貨店,38.424966,141.27981
2016-10-14,咲花カフェ,38.424966,141.27981
2016-10-13,Kitchen & Cafe ルミユカ,38.424966,141.27981
2016-10-13,カフェブルー マルヤマクラス店,38.424966,141.27981
2016-10-12,雪ノ下 横浜中華街,38.424966,141.27981
2016-10-11,ANALOG SHIBUYA,38.424966,141.27981
2016-10-11,カフェ ソラノトリ,38.424966,141.27981
2016-10-09,プロント亀戸店,38.424966,141.27981
2016-10-08,cafe&bar haru,38.424966,141.27981
2016-10-08,カフェデュモンド池袋スパイス2店,38.424966,141.27981
2016-10-08,海中市場,38.424966,141.27981
2016-10-08,pirka cafe,38.424966,141.27981
2016-10-07,mogoon ららぽーと立川立飛店,38.424966,141.27981
2016-10-07,yurucafe (ユルカフェ),38.424966,141.27981
2016-10-07,gooz 武蔵小杉店,38.424966,141.27981
2016-10-06,はんだづけカフェ,38.424966,141.27981
2016-10-05,Cafe Rovinj,38.424966,141.27981
2016-10-04,cielo azul cafe,38.424966,141.27981
2016-10-04,The Higher green tea’s 名古屋泉店,38.424966,141.27981
2016-10-02,エスカフェダイニング下北沢店,38.424966,141.27981
2016-10-02,UCHI,38.424966,141.27981
2016-10-02,PRONTO亀戸駅店,38.424966,141.27981
2016-10-02,カフェデュモンド 池袋スパイス2,38.424966,141.27981
2016-10-01,Ｃａｆｅ＆Ｍｅａｌ ＭＵＪＩあべのａｎｄ,38.424966,141.27981
2016-09-30,パルファン 博多の森店,38.424966,141.27981
2016-09-30,cafe ease,38.424966,141.27981
2016-09-30,カフェ コムサ そごう柏店,38.424966,141.27981
2016-09-24,Body Balance Restaurant mu-MU西新宿店,38.424966,141.27981
2016-09-24,Paella de Oroパエージャ・デ・オーロ,38.424966,141.27981
2016-09-23,mog 京都三条店,38.424966,141.27981
2016-09-22,ベーカリーレストランサンマルク宇都宮八幡台店,38.424966,141.27981
2016-09-22,青山ダイヤモンドホール,38.424966,141.27981
2016-09-22,This Is Cafe 牧之原本店,38.424966,141.27981
2016-09-20,ティ・ロランド松濤店,38.424966,141.27981
2016-09-19,なぞともカフェ六本木店,38.424966,141.27981
2016-09-19,なぞともカフェ428（シブヤ）店,38.424966,141.27981
2016-09-18,オーガニックハウス コピス吉祥寺店,38.424966,141.27981
2016-09-17,cafe fuuno,38.424966,141.27981
2016-09-16,Double Tall Cafe 札幌Pivot店,38.424966,141.27981
2016-09-15,PEPESO CAFE,38.424966,141.27981
2016-09-13,知るカフェ近畿大学前店,38.424966,141.27981
2016-09-12,雪ノ下工房,38.424966,141.27981
2016-09-11,シェルブール八戸店,38.424966,141.27981
2016-09-11,カフェダイニングaim LINE,38.424966,141.27981
2016-09-11,雪ノ下 立川,38.424966,141.27981
2016-09-10,シャ・ノワール吉田店,38.424966,141.27981
2016-09-09,カフェ コモド CAFE comodo,38.424966,141.27981
2016-09-02,ル・カフェ・ドトール銀座 仙台広瀬通り一番町店,38.424966,141.27981
2016-08-28,サンマルク 練馬光が丘店,38.424966,141.27981
2016-08-27,カフェダッキーダック アリオ橋本店,38.424966,141.27981
2016-08-27,トラベルカフェ博多グリーンホテル天神店,38.424966,141.27981
2016-08-27,CAFE&DELI  IL  PONTE,38.424966,141.27981
2016-08-26,トラベルカフェ日本旅行横浜店,38.424966,141.27981
2016-08-26,アニマックスCAFE 大阪日本橋店,38.424966,141.27981
2016-08-21,ベーカリーレストランサンマルク 佐賀開成店,38.424966,141.27981
2016-08-20,Café ぐぅぐぅ,38.424966,141.27981
2016-08-20,雪ノ下 静岡,38.424966,141.27981
2016-08-19,Cafe&Meal MUJI 南青山,38.424966,141.27981
2016-08-07,ベビー モンシェール カフェ 越谷レイクタウン店,38.424966,141.27981
2016-08-06,aere cafe,38.424966,141.27981
2016-08-04,ヴィ・ド・フランス カフェ 秋葉原駅前店,38.424966,141.27981
2016-08-02,ガンダムカフェ 東京駅店,38.424966,141.27981
2016-07-30,なないろカフェ アリオ上田店,38.424966,141.27981
2016-07-30,ベーカリーレストランサンマルク 鴻池店,38.424966,141.27981
2016-07-23,東京24区イオンモール木更津店,38.424966,141.27981
2016-07-23,お茶とお菓子 横尾,38.424966,141.27981
2016-07-20,わくわく×モグモグ×キッチン Shu,38.424966,141.27981
2016-07-16,cafe Me・terre（カフェ ミ・テール）,38.424966,141.27981
2016-06-25,神戸屋シルフィーグランアージュ 丸の内店,38.424966,141.27981
2016-06-23,パブレストラン 絹,38.424966,141.27981
2016-06-21,神戸屋シルフィー グランアージュ丸の内店,38.424966,141.27981
2016-06-20,TeTeS 西麻布店,38.424966,141.27981
2016-06-18,THE FLOWER APARTMENT CAFE,38.424966,141.27981
2016-06-12,cafe あおば,38.424966,141.27981
2016-05-22,beco cafe,38.424966,141.27981
2016-05-21,ヒーリングヴィラ印西,38.424966,141.27981
2016-05-18,PRONTO 所沢東口店,38.424966,141.27981
2016-05-16,雪ノ下 町田,38.424966,141.27981
2016-05-16,カフェレストラン 千曲川,38.424966,141.27981
2016-05-15,京都ヒトマナビカフェ,38.424966,141.27981
2016-05-10,ベーカリーレストランサンマルク 春日部店,38.424966,141.27981
2016-05-07,雪ノ下千葉稲毛店,38.424966,141.27981
2016-04-24,森のBe-cafe,38.424966,141.27981
2016-04-20,Cafe Dining Calmo上尾店,38.424966,141.27981
2016-04-17,ドッグランカフェNORCS,38.424966,141.27981
2016-04-17,勉強カフェ渋谷北参道スタジオ,38.424966,141.27981
2016-04-11,うさぎカフェ Ra.a.g.f 自由が丘店,38.424966,141.27981
2016-04-10,資生堂パーラー汐留店,38.424966,141.27981
2016-04-10,オムチャントーン,38.424966,141.27981
2016-04-10,カフェモロゾフ 京阪百貨店すみのどう店,38.424966,141.27981
2016-04-03,BLUE SKY カフェテリア,38.424966,141.27981
2016-04-03,ブールブラン,38.424966,141.27981
2016-03-31,Autumn Leaf秋葉原店,38.424966,141.27981
2016-03-28,FAAM cafe,38.424966,141.27981
2016-03-28,みやぎフードキッチン CocoRon 産直レストラン,38.424966,141.27981
2016-03-28,Hanakahi,38.424966,141.27981
2016-03-28,スエッコカフェ & ダイニング,38.424966,141.27981
2016-03-28,NORTH SIDE CAFE,38.424966,141.27981
2016-03-28,OnEdrop cafe,38.424966,141.27981
2016-03-21,カフェラカム 彩菓房,38.424966,141.27981
2016-03-20,ブロードカフェ,38.424966,141.27981
2016-03-19,カフェ・ニューギニ,38.424966,141.27981
2016-03-19,雪ノ下名古屋店,38.424966,141.27981
2016-03-17,カフェ蔵,38.424966,141.27981
2016-03-15,サンジェルマン恵比寿店,38.424966,141.27981
2016-03-13,チーズレストランDAIGOMI池袋,38.424966,141.27981
2016-03-13,ペストリー＆カフェ「STAR26」,38.424966,141.27981
2016-03-13,レストラングリーン,38.424966,141.27981
2016-03-13,Cafe&Gallery SACHICAFE,38.424966,141.27981
2016-03-10,サンシャインカフェ,38.424966,141.27981
2016-03-10,ask a giraffe,38.424966,141.27981
2016-03-07,日比谷公会堂アーカイブカフェ,38.424966,141.27981
2016-03-06,Ａdagio（アダージョ）,38.424966,141.27981
2016-03-06,ふくしまオルガン堂下北沢,38.424966,141.27981
2016-03-06,べっぴん食堂 ココカラ,38.424966,141.27981
2016-03-05,KUA`AINAイオンモール沖縄ライカム店,38.424966,141.27981
2016-03-05,カフェ＆レストラン スター・アイル大阪歴史博物館店,38.424966,141.27981
2016-03-05,ロゴスキー (名古屋),38.424966,141.27981
2016-03-03,下北沢FREE FACTORY,38.424966,141.27981
2016-03-02,下北沢FREE FACTORY,38.424966,141.27981
2016-03-02,P.style 西大井駅店,38.424966,141.27981
2016-02-27,レストラン サクラハウス,38.424966,141.27981
2016-02-26,BOGART’S CAFE 原宿 表参道店,38.424966,141.27981
2016-02-22,ベッカーズ秋葉原,38.424966,141.27981
2016-02-17,PEN STATION Museum & Café,38.424966,141.27981
2016-02-17,Culfe,38.424966,141.27981
2016-02-16,Rozetta Cafe,38.424966,141.27981
2016-02-14,SALU SALLUZA cafe terraza,38.424966,141.27981
2016-02-14,にんにく屋五右衛門福岡キャナルシティ店,38.424966,141.27981
2016-02-13,不二家沼津駅ビル店,38.424966,141.27981
2016-02-12,カフェ チャオプレッソ 近鉄刈谷パーキングエリア店,38.424966,141.27981
2016-02-07,はらドーナッツ パセオ札幌店,38.424966,141.27981
2016-02-07,ブラザーズカフェテリア南船場店,38.424966,141.27981
2016-02-06,クラブツーリズムカフェ 練馬店,38.424966,141.27981
2016-02-06,カフェ・ハイチ 新宿二号店,38.424966,141.27981
2016-02-05,サラベス代官山店,38.424966,141.27981
2016-02-05,アンダンテ,38.424966,141.27981
2016-02-05,マンゴツリーカフェ仙台,38.424966,141.27981
2016-02-04,ほわわカフェ,38.424966,141.27981
2016-02-03,Café Klavier カフェ クラビーア,38.424966,141.27981
2016-01-30,CAFE buffo,38.424966,141.27981
2016-01-27,フラッグスカフェ グランデュオ立川店,38.424966,141.27981
2016-01-24,kimama cafe ピクニック,38.424966,141.27981
2016-01-24,ブルガリア料理ザゴリエ,38.424966,141.27981
2016-01-24,ホロン イオンモール太田店,38.424966,141.27981
2016-01-22,89cafe １号店,38.424966,141.27981
2016-01-20,オーシャンテラス新産店,38.424966,141.27981
2015-12-06,Hawaiian7Style,38.424966,141.27981
2015-12-06,カフェフロッグ,38.424966,141.27981
2015-12-06,KTM Cafe,38.424966,141.27981
2015-11-30,金沢ブランチD5,38.424966,141.27981
2015-11-30,アンユ アンド リリー,38.424966,141.27981
2015-11-30,ふれあいの場 しっぽ,38.424966,141.27981
2015-11-30,beegle cafe,38.424966,141.27981
2015-11-30,古民家カフェはちどり,38.424966,141.27981
2015-11-30,カフェ ピノ,38.424966,141.27981
2015-11-29,cafe＆kitchen OAK,38.424966,141.27981
2015-11-29,L⇔R cafe,38.424966,141.27981
2015-11-29,カフェ・ココロバ,38.424966,141.27981
2015-11-29,レストランなごみ処駿河亭,38.424966,141.27981
2015-11-29,Oyatsu＋ オヤツプラス,38.424966,141.27981
2015-11-25,アニメイトカフェ福岡天神店,38.424966,141.27981
2015-11-15,スタンダードブックストアカフェもりのみや,38.424966,141.27981
2015-11-15,HAPPY STYLE 川口店,38.424966,141.27981
2015-11-14,CAFE & BAR下北沢FLAT,38.424966,141.27981
2015-11-08,ネザーランド・カフェ,38.424966,141.27981
2015-11-07,レストラン栗の木,38.424966,141.27981
2015-11-03,睦月うつわギャラリー&カフェ,38.424966,141.27981
2015-10-31,YEAST PARADISE+ イーストパラダイス プラス,38.424966,141.27981
2015-10-31,Cafe Quone,38.424966,141.27981
2015-10-31,ハワイアン・マハロカフェ 高針店,38.424966,141.27981
2015-10-31,ハワイアン・マハロカフェ 昭和橋店,38.424966,141.27981
2015-10-31,ハワイアン・マハロカフェ 名駅広小路店,38.424966,141.27981
2015-10-25,F.O.B COOP 広尾本店,38.424966,141.27981
2015-10-21,のらいぬcafe,38.424966,141.27981
2015-10-20,HAVANA CAFE,38.424966,141.27981
2015-10-20,café Agartha,38.424966,141.27981
2015-10-18,KEYUCA CAFE  エキュート立川店,38.424966,141.27981
2015-10-12,sweets+cafe NICO,38.424966,141.27981
2015-10-10,Cafe de JiJi,38.424966,141.27981
2015-09-30,煎豆茶亭 こうひいてい,38.424966,141.27981
2015-09-30,月こころ,38.424966,141.27981
2015-09-30,アロハキッチン 成田店,38.424966,141.27981
2015-09-30,sui-table スイテーブル,38.424966,141.27981
2015-09-30,よしむらカフェ,38.424966,141.27981
2015-09-30,カフェ・ダイアン神楽坂,38.424966,141.27981
2015-09-30,GREEN Kitchen,38.424966,141.27981
2015-09-30,サラダの店まごはち,38.424966,141.27981
2015-09-27,チェンカフェ,38.424966,141.27981
2015-09-27,北沢一丁目カフェ,38.424966,141.27981
2015-09-26,ごはんカフェ Mare,38.424966,141.27981
2015-09-26,カフェ ぐらんたす,38.424966,141.27981
2015-09-23,こりすカフェ,38.424966,141.27981
2015-09-23,サンマルク 山手台店,38.424966,141.27981
2015-09-23,富岡チャン,38.424966,141.27981
2015-09-20,hatakenowa・畑の環,38.424966,141.27981
2015-08-31,西洋料理 テラスレストラン,38.424966,141.27981
2015-08-31,カフェ かまくら七（なな）,38.424966,141.27981
2015-08-31,T-PARK CAFE,38.424966,141.27981
2015-08-31,FRAMES 渋谷店,38.424966,141.27981
2015-08-30,アトリエ・ド・ウフレ,38.424966,141.27981
2015-08-30,パティスリーカフェ　ウフレ,38.424966,141.27981
2015-08-30,airs burger cafe,38.424966,141.27981
2015-08-30,カランコロン,38.424966,141.27981
2015-08-29,空想特撮CAFE BAR つぶらノ森,38.424966,141.27981
2015-08-25,ジョイカフェ,38.424966,141.27981
2015-08-23,銀座ライオン 武蔵の杜カントリークラブ店,38.424966,141.27981
2015-08-23,caffe beanDaisy,38.424966,141.27981
2015-08-23,DINER TOMMY EMPIRE,38.424966,141.27981
2015-08-21,ミルクの旅 ミント神戸店,38.424966,141.27981
2015-08-16,ル・バタクラン,38.424966,141.27981
2015-08-16,レストランふぁみぃる まつ家,38.424966,141.27981
2015-08-16,海鮮居酒屋 おおーい北海道 すすきの店,38.424966,141.27981
2015-08-16,ロコズキッチン,38.424966,141.27981
2015-08-16,四六時中 イオン盛岡店,38.424966,141.27981
2015-08-16,イタリアン・トマトカフェジュニア イオンモール橿原店,38.424966,141.27981
2015-08-15,薬剤師カフェ ヴィタ銀座本店,38.424966,141.27981
2015-08-09,かーちゃんふるさと農園わぃわぃ,38.424966,141.27981
2015-08-02,シェアードテラス 外苑いちょう並木,38.424966,141.27981
2015-07-31,FLAGS Cafe グランデュオ 蒲田店,38.424966,141.27981
2015-07-31,イタリアントマト カフェ ジュニア 西新プラリバ店,38.424966,141.27981
2015-07-31,フラリバール平川店,38.424966,141.27981
2015-07-31,ハナジャム 西新店,38.424966,141.27981
2015-07-31,カフェあにょ,38.424966,141.27981
2015-07-31,白壁もやい 風の家,38.424966,141.27981
2015-07-31,スフレ専門店 六盛茶庭,38.424966,141.27981
2015-07-31,マウイマイクス 白山店,38.424966,141.27981
2015-07-31,Cafe Chameau,38.424966,141.27981
2015-07-31,千疋屋 ルミネ荻窪パーラー店,38.424966,141.27981
2015-07-31,CAFE 茶蘭花,38.424966,141.27981
2015-07-31,マリダリカフェ,38.424966,141.27981
2015-07-31,イタリアン・トマト カフェジュニア 西武新宿駅店,38.424966,141.27981
2015-07-31,コミュニティスペース DANGE,38.424966,141.27981
2015-07-30,DeliCafe LaLa,38.424966,141.27981
2015-07-26,cafe＆bar Hobbista,38.424966,141.27981
2015-07-26,ジミーズパラダイス( Jimmys’ Paradise ),38.424966,141.27981
2015-07-22,Cafe nt(ニト),38.424966,141.27981
2015-07-20,モスカフェ恵比寿東店,38.424966,141.27981
2015-07-20,イルローザ クレメント店,38.424966,141.27981
2015-07-20,The Garden Cafe Chloe,38.424966,141.27981
2015-07-20,Cafe&Meal MUJI京都,38.424966,141.27981
2015-07-20,はらのキッチン アトレ吉祥寺店,38.424966,141.27981
2015-07-19,八王子ミルクホール,38.424966,141.27981
2015-07-19,珈琲 紙 （Cafe Cami）,38.424966,141.27981
2015-07-18,beez銀座店,38.424966,141.27981
2015-07-15,デンマーク・ザ・ロイヤルカフェ 銀座三越店,38.424966,141.27981
2015-07-12,PARK SIDE CAFE,38.424966,141.27981
2015-07-12,アントステラ Esola池袋店,38.424966,141.27981
2015-07-11,TEX-MEX Dining Bar El Cafe（テクス・メクス料理 エルカフェ）,38.424966,141.27981
2015-07-11,LIFE KITASANDO,38.424966,141.27981
2015-06-30,ペーパーバックカフェ アトレヴィ東中野店,38.424966,141.27981
2015-06-30,ベーカリーレストラン サンマルク 松井山手店,38.424966,141.27981
2015-06-30,Paper Back Cafe アトレヴィ東中野店,38.424966,141.27981
2015-06-30,リバーバンク,38.424966,141.27981
2015-06-30,パンケーキカフェVege 桑名店,38.424966,141.27981
2015-06-30,なぞともカフェ 渋谷店,38.424966,141.27981
2015-06-30,ロマンキャンドル＆静香,38.424966,141.27981
2015-06-30,タイム カフェ 渋谷,38.424966,141.27981
2015-06-30,菜食レストランAmigo,38.424966,141.27981
2015-06-28,大地の恵み Gru,38.424966,141.27981
2015-06-28,FIVE CAFE+DEPO,38.424966,141.27981
2015-06-28,BIG TAIMEN,38.424966,141.27981
2015-06-22,Slow cafe BENCH&MUG,38.424966,141.27981
2015-06-20,PORTUGALIA（ポルトガリア）,38.424966,141.27981
2015-06-20,戦国武将カフェ,38.424966,141.27981
2015-06-14,ブルームーンカフェ熊谷バイパス店,38.424966,141.27981
2015-06-12,銀座ライオン 上野広小路店,38.424966,141.27981
2015-06-09,ガンダムカフェ イオンモール幕張新都心店,38.424966,141.27981
2015-06-08,仙萩庵,38.424966,141.27981
2015-06-07,ブルームーンカフェ久喜店,38.424966,141.27981
2015-05-31,貴族の森太田店,38.424966,141.27981
2015-05-31,cafe AYA,38.424966,141.27981
2015-05-31,Howl’s Cafe,38.424966,141.27981
2015-05-31,アミパ前橋インター店,38.424966,141.27981
2015-05-31,ドリームマシーンラボ,38.424966,141.27981
2015-05-31,Cafe Sofa,38.424966,141.27981
2015-05-31,グリーングラス,38.424966,141.27981
2015-05-24,705cafe,38.424966,141.27981
2015-05-24,ICN cafe,38.424966,141.27981
2015-05-17,ローカーボカフェ＆バー Magico,38.424966,141.27981
2015-05-15,銀座ライオンLEO 中野北口店,38.424966,141.27981
2015-03-31,銀座ライオン 明野レイクウッド店,38.424966,141.27981
2015-03-30,カフェ クロワッサン アピア店,38.424966,141.27981
2015-03-29,大阪市中央公会堂レストラン 中之島倶楽部,38.424966,141.27981
2015-03-11,CUBE CAFE dining,38.424966,141.27981
2015-02-28,相生馬車道本店,38.424966,141.27981
2015-02-15,喫茶カフェ 六朝館,38.424966,141.27981
2014-11-16,サンフレッシュカフェ,38.424966,141.27981
2014-11-16,銀座キャンドル,38.424966,141.27981
2014-11-14,カフェクロワッサン 品川インターシティ店,38.424966,141.27981
2014-11-01,QUATTRO LABO,38.424966,141.27981
2014-10-31,BAREFOOT RESORT Cafe＆Hotels,38.424966,141.27981
2014-10-31,メルクカフェ,38.424966,141.27981
2014-10-31,カフェ センティート,38.424966,141.27981
2014-10-31,オーレベガルタ カフェ,38.424966,141.27981
2014-10-26,CAFE SALVADOR丸の内店,38.424966,141.27981
2014-10-25,サラサ押小路店,38.424966,141.27981
2014-05-31,月の工房,38.424966,141.27981
2013-01-31,武蔵野茶房 むさし村山店,38.424966,141.27981
2013-01-31,F.O.B COOP(フォブコープ)広島店,38.424966,141.27981
2013-01-31,cafe&diner GLORIA,38.424966,141.27981
2013-01-31,ツバメ食堂,38.424966,141.27981
2013-01-31,Hartford Cafe ハートフォード カフェ,38.424966,141.27981
2013-01-31,ギャラリー カフェ タユタ tayuta,38.424966,141.27981
2013-01-31,十文字原展望台ミュージックカフェ光の詩,38.424966,141.27981
2013-01-31,ベル・スール,38.424966,141.27981
2013-01-31,C’EST BON PLAGE　セボンプラージュ,38.424966,141.27981
2013-01-30,マリオデザート＆カフェ呉そごう店,38.424966,141.27981
2013-01-29,レストラン夕凪亭,38.424966,141.27981
2013-01-29,つるcafe,38.424966,141.27981
2013-01-29,manhattan Deli 東京ミッドタウン店,38.424966,141.27981
2013-01-27,tomari,38.424966,141.27981
2013-01-27,リトルマーメイド松江駅店,38.424966,141.27981
2013-01-24,Bonny Butterfly （ボニーバタフライ）,38.424966,141.27981
2013-01-20,アールツーカフェ R2 Cafe,38.424966,141.27981
2013-01-19,JOKER’S DINING横浜店,38.424966,141.27981
2013-01-15,リストランテ池袋文流,38.424966,141.27981
2013-01-14,たんぽぽ亭 金沢八景店,38.424966,141.27981
2013-01-14,フードコロシアム グランベリーモール,38.424966,141.27981
2013-01-14,カフェケーブルカー 二子玉川店,38.424966,141.27981
2013-01-11,Cafe de Anri by Kimuraya 天王寺ミオ店,38.424966,141.27981
2013-01-09,ask a giraffe（アスク・ア・ジラフ ）,38.424966,141.27981
2013-01-06,ペローラ アトランチカ （Perola Atlantica）,38.424966,141.27981
2013-01-04,mumokuteki cafe&foods 三条店,38.424966,141.27981
2013-01-04,カフェサンクパティスリー表参道ヒルズ店,38.424966,141.27981
2012-12-31,evoldog Cafe＆BBQ YOKOHAMA 横浜ベイクォーター店,38.424966,141.27981
2012-12-31,アンナンジュパッセ,38.424966,141.27981
2012-12-31,ロシナンテ,38.424966,141.27981
2012-12-31,サロン岸,38.424966,141.27981
2012-12-31,マールーウ,38.424966,141.27981
2012-12-31,カフェなかを,38.424966,141.27981
2012-12-30,キハチ 銀座本店 2階～Restaurant～,38.424966,141.27981
2012-12-30,地酒蔵大雪乃蔵,38.424966,141.27981
2012-12-30,洋食屋ゴーシュ,38.424966,141.27981
2012-12-29,CAFE&DOGSALON OURHOUSE,38.424966,141.27981
2012-12-29,cafe+gallery ヒトソラ,38.424966,141.27981
2012-12-29,THE GREEN ROOM,38.424966,141.27981
2012-12-29,にっぽんの洋食レストラン 蘭亭,38.424966,141.27981
2012-12-29,Bonna Castra,38.424966,141.27981
2012-12-28,WIRED CAFE<>FIT代々木公園店,38.424966,141.27981
2012-12-28,PAUL 東京八重洲店,38.424966,141.27981
2012-12-28,カフェ・サンロード姫路店,38.424966,141.27981
2012-12-28,C’s fort シーズフォート,38.424966,141.27981
2012-12-26,菜食家庭料理の店 ゴーヴィンダズ,38.424966,141.27981
2012-12-25,スターネット大阪,38.424966,141.27981
2012-12-25,マンハッタンブルー,38.424966,141.27981
2012-12-16,木曜日,38.424966,141.27981
2012-12-14,DELI Cafe & Restaurant GREEN,38.424966,141.27981
2012-12-14,86 PIT HOUSE,38.424966,141.27981
2012-12-08,カフェクロワッサン神谷町店,38.424966,141.27981
2012-12-07,レストラン サワダ,38.424966,141.27981
2012-12-05,cup bearer 三軒茶屋,38.424966,141.27981
2012-12-03,CHOUTARA （チョウタラ）,38.424966,141.27981
2012-12-02,LAYS union,38.424966,141.27981
2012-11-30,スモークハウス テラ,38.424966,141.27981
2012-11-30,おにぎりカフェ・ふぁんふぁん関大前店,38.424966,141.27981
2012-11-30,キッチンワタル,38.424966,141.27981
2012-11-30,創作地料理はーもにー,38.424966,141.27981
2012-11-28,Gooz 渋谷3丁目店,38.424966,141.27981
2012-11-28,駄菓子屋カフェ,38.424966,141.27981
2012-11-28,cafe coucou （カフェ ククゥ）,38.424966,141.27981
2012-11-27,ライダーズスポット SILKROAD シルクロード,38.424966,141.27981
2012-11-22,お食事・喫茶 会館グリル,38.424966,141.27981
2012-11-20,洋食のお店　キャット＆ボア,38.424966,141.27981
2012-11-19,CAFE KINO カフェ キノ,38.424966,141.27981
2012-11-18,はらの台所、マメゾン,38.424966,141.27981
2012-11-17,RooM Cafe ココトモ,38.424966,141.27981
2012-11-15,KAKKAcafe,38.424966,141.27981
2012-11-14,日光金谷ホテル宮庵,38.424966,141.27981
2012-11-10,CENTO,38.424966,141.27981
2012-11-05,ロネ カフェ（RONET CAFE）,38.424966,141.27981
2012-11-04,cafe HEAVEN,38.424966,141.27981
2012-10-31,曼谷雑貨店＆didi赤坂本店,38.424966,141.27981
2012-10-31,ディキシーダイナー 渋谷店  DexeeDiner,38.424966,141.27981
2012-10-31,noodle cafe Express舞浜店,38.424966,141.27981
2012-10-31,モンスーンカフェ 西麻布,38.424966,141.27981
2012-10-31,ハーフダイム川越店,38.424966,141.27981
2012-10-31,ゾネントア 赤坂店,38.424966,141.27981
2012-10-31,プラッタ （prata）,38.424966,141.27981
2012-10-30,ダイニングカフェシーラカンス,38.424966,141.27981
2012-10-29,ドッグカフェ ル・テリエ,38.424966,141.27981
2012-10-28,books&cafeLOW,38.424966,141.27981
2012-10-26,（畑）ハレノヒ ゲートシティ大崎店,38.424966,141.27981
2012-10-20,グリル・ロダン,38.424966,141.27981
2012-10-20,ゴッサムカフェ （Gotham Cafe）,38.424966,141.27981
2012-10-15,カフェ・セボール吉祥寺店,38.424966,141.27981
2012-10-15,カフェ・マウンテンブックス （Cafe mountain BOOKs）,38.424966,141.27981
2012-10-01,Cafe&BarVo-Vo,38.424966,141.27981
2012-10-01,LUZROOTSラズルーツ,38.424966,141.27981
2012-10-01,シナグロ表参道,38.424966,141.27981
2012-09-30,cafe dining muku,38.424966,141.27981
2012-09-30,カフェ・ベローチェ つくば店,38.424966,141.27981
2012-09-28,Limapuluh横浜店,38.424966,141.27981
2012-09-27,カフェ　ド　ルポ,38.424966,141.27981
2012-09-25,洋食屋長田,38.424966,141.27981
2012-09-25,食慈家Tenma,38.424966,141.27981
2012-09-24,アコースティックカフェ,38.424966,141.27981
2012-09-18,サロン・ド・クローバー,38.424966,141.27981
2012-09-17,M＆C Cafe 町田店,38.424966,141.27981
2012-09-16,パイナップルテラス,38.424966,141.27981
2012-09-16,モカザナ,38.424966,141.27981
2012-09-08,マラサダ カフェ,38.424966,141.27981
2012-09-02,パステルイオンモール大日店,38.424966,141.27981
2012-08-31,レストラン•ウルー,38.424966,141.27981
2012-08-30,カフェ・フロンティア,38.424966,141.27981
2012-08-30,ワールド カフェ＆バー INSTEP LIGHT(インステップライト),38.424966,141.27981
2012-08-25,INDIAN SUMMER Cafe STUDIO,38.424966,141.27981
2012-08-25,自然菜食＆cafe まぁるごと,38.424966,141.27981
2012-08-25,チョコホリック ららぽーと豊洲店,38.424966,141.27981
2012-08-25,TRAVEL CAFE MUSIC ラゾーナ川崎プラザ店,38.424966,141.27981
2012-08-22,モンシュシュ with トラベルカフェ ラゾーナ川崎プラザ店,38.424966,141.27981
2012-08-20,資生堂パーラー 二子玉川店,38.424966,141.27981
2012-08-19,キハチ カフェ 伊勢丹新宿店,38.424966,141.27981
2012-08-19,スカイレストラン ベルビュー,38.424966,141.27981
2012-08-19,OLDWEST CAFE（オールドウェストカフェ）,38.424966,141.27981
2012-08-18,ハードロックカフェ成田東京店,38.424966,141.27981
2012-08-18,カフェ Yucca.,38.424966,141.27981
2012-08-12,カジュアルレストランパーク,38.424966,141.27981
2012-08-11,CAFE KOBILU （カフェ コビル）,38.424966,141.27981
2012-08-11,cafe KINJI （カフェ キンジ）,38.424966,141.27981
2012-07-30,Casual Dining & Cafe Revo  心斎橋店,38.424966,141.27981
2012-07-30,FOB COOP博多店,38.424966,141.27981
2012-07-27,45dav （フォーティーファイブ ダブ）,38.424966,141.27981
2012-07-21,TEN.TEN.CAFE,38.424966,141.27981
2012-07-17,CICOUTE CAFE(チクテカフェ),38.424966,141.27981
2012-07-17,カフェミラノ ウィング高輪店 （Cafe milano）,38.424966,141.27981
2012-07-16,馬車道 与野公園店,38.424966,141.27981
2012-07-07,Restaurant＆Bar亀井堂,38.424966,141.27981
2012-07-01,cafe the Roots 中庄店 (カフェ・ザ・ルーツ),38.424966,141.27981
2012-06-30,カフェレストラン道場,38.424966,141.27981
2012-06-30,スポーツカフェ＆レストランTacoDerio!日産スタジアム店,38.424966,141.27981
2012-06-26,EXPO CAFE,38.424966,141.27981
2012-06-24,JOURNAL STANDARD Cafe 渋谷店,38.424966,141.27981
2012-06-22,CAFE JOURNAL(ジャーナル),38.424966,141.27981
2012-06-17,カフェバードバス cafe birdbath,38.424966,141.27981
2012-06-17,ケユカ カフェ＆スイーツ 青山店,38.424966,141.27981
2012-06-16,オアシスダイニング,38.424966,141.27981
2012-06-04,中村屋@ウエストパークカフェ 吉祥寺店,38.424966,141.27981
2012-06-02,Sweet Emotion,38.424966,141.27981
2012-05-31,STEP STAMP cafe （ステップ・スタンプ・カフェ）,38.424966,141.27981
2012-05-31,銀座キャンドル自由が丘店,38.424966,141.27981
2012-05-31,イグレックプリュス＋三宮店,38.424966,141.27981
2012-05-31,トミーズチキン 白石店,38.424966,141.27981
2012-05-30,まだおカフェ,38.424966,141.27981
2012-05-30,グッドスマイルカフェ松戸店,38.424966,141.27981
2012-05-30,ベジフルカフェ,38.424966,141.27981
2012-05-27,モトヤエクスプレス 吉祥寺店MOTOYA EXPRESS,38.424966,141.27981
2012-05-24,リンツショコラカフェ自由が丘店,38.424966,141.27981
2012-05-19,海洋堂・ワンフェスカフェ,38.424966,141.27981
2012-05-19,VIS VIVA EXPRESS,38.424966,141.27981
2012-05-19,ericafe エリカフェ,38.424966,141.27981
2012-05-15,サンモリノ,38.424966,141.27981
2012-05-12,須磨浦ゴーゴーズカフェ,38.424966,141.27981
2012-05-06,レストラン ブルーベリー,38.424966,141.27981
2012-05-05,Pash Cafe NAGOMI,38.424966,141.27981
2012-04-30,ハツヒスタンド 藤が丘店,38.424966,141.27981
2012-04-22,ライカフェ（RAI CAFE）,38.424966,141.27981
2012-04-17,レストラン＆カフェFORUM,38.424966,141.27981
2012-04-02,マルサン中目黒店,38.424966,141.27981
2012-04-01,ABC Cooking Studio cafe,38.424966,141.27981
2012-04-01,PROPELLER DRIVE,38.424966,141.27981
2012-03-31,チャウダーズ シアトルスープス 新宿三越アルコット店,38.424966,141.27981
2012-03-31,ケユカ ノースポート・モール店,38.424966,141.27981
2012-03-31,WIRED CAFE新宿三越ALOCOTTO店,38.424966,141.27981
2012-03-31,Mme.CIRQUE,38.424966,141.27981
2012-03-30,船橋　無国籍料理　月,38.424966,141.27981
2012-03-30,ダイニング＆カフェ　SA-KU-RA,38.424966,141.27981
2012-03-30,cafe＆Bar Classic,38.424966,141.27981
2012-03-26,小さな洋食店　S,38.424966,141.27981
2012-03-25,恵比寿 シャンブルクレール,38.424966,141.27981
2012-03-25,鉄道カフェ 大阪京橋 ドクターイエロー,38.424966,141.27981
2012-03-24,cafeトキワ荘,38.424966,141.27981
2012-03-23,SHINSEN CAFE GAZZETTA,38.424966,141.27981
2012-03-20,AKB48 CAFE＆SHOP博多店,38.424966,141.27981
2012-03-20,コテ・ビストロ京都店,38.424966,141.27981
2012-03-12,北上市文化交流センターさくらホール さくらラウンジ,38.424966,141.27981
2012-03-09,カフェクロワッサン新橋店,38.424966,141.27981
2012-03-08,カフェ内丸茶房,38.424966,141.27981
2012-03-04,CO・PO・RI 京都,38.424966,141.27981
2012-03-04,c.m.h. 六甲アイランド店,38.424966,141.27981
2012-02-29,シンプルディッシュ,38.424966,141.27981
2012-02-29,little GANESH リトルガネーシュ,38.424966,141.27981
2012-02-28,カフェ モロゾフ近鉄百貨店枚方店,38.424966,141.27981
2012-02-28,nano cafe （ナノカフェ）,38.424966,141.27981
2012-02-26,鉄道カフェ レイルロード京阪,38.424966,141.27981
2012-02-24,combine,38.424966,141.27981
2012-02-22,AJICO CAFE,38.424966,141.27981
2012-02-19,表参道 Aoyuzu,38.424966,141.27981
2012-02-19,ゆるベジカフェ,38.424966,141.27981
2012-02-19,カフェ フォセッタ,38.424966,141.27981
2012-02-14,馬車道桶川店,38.424966,141.27981
2012-02-13,Brown Books Cafe,38.424966,141.27981
2012-02-11,レストアの森,38.424966,141.27981
2012-02-09,CASA 東京オペラシティ店,38.424966,141.27981
2012-02-09,GIO ORGANIC CAFE 浜松町店,38.424966,141.27981
2012-02-07,葉山ボンジュール葉山店,38.424966,141.27981
2012-02-06,cafe cha-cha-,38.424966,141.27981
2012-02-02,ビヤレストラン ライオン 金沢駅店,38.424966,141.27981
2012-02-01,フラッグス・カフェ 京阪モール店,38.424966,141.27981
2012-02-01,ベーカリーレストランサンマルクなかもず店,38.424966,141.27981
2012-02-01,デリカフェサナーレ,38.424966,141.27981
2012-02-01,楽園ASIA,38.424966,141.27981
2012-02-01,イタリアントマトカフェジュニア LALAガーデンつくば店,38.424966,141.27981
2012-01-31,ブーランジェリー・ブルディガラ 新宿店,38.424966,141.27981
2012-01-31,島田市バラの丘公園レストランロサリウム,38.424966,141.27981
2012-01-31,ジムトンプソンズテーブル 池袋,38.424966,141.27981
2012-01-31,カフェ ラ・ボエム 港北,38.424966,141.27981
2012-01-31,ラ・ターブル・ド・コンマ （LA Table de com,ma）,38.424966,141.27981
2012-01-21,アンナミラーズ横浜ランドマークプラザ店,38.424966,141.27981
2012-01-21,小さな町TREE HOUSE,38.424966,141.27981
2012-01-20,アマンド霞町店,38.424966,141.27981
2012-01-20,ブロンデル銀座,38.424966,141.27981
2012-01-18,サンマルクパスタ 豊中ロマンチック街道店,38.424966,141.27981
2012-01-17,ROYAL HOT3 DINER,38.424966,141.27981
2012-01-14,BUNNY BEACH,38.424966,141.27981
2012-01-13,ZOULIcafe 元住吉店,38.424966,141.27981
2012-01-12,ZEST cantina 六本木・飯倉,38.424966,141.27981
2012-01-12,大通コミュニティカフェ KOGUMA,38.424966,141.27981
2012-01-09,ビヤカフェ リオンドォール 恵比寿店,38.424966,141.27981
2012-01-08,サロンドテモロゾフ 松坂屋名古屋店,38.424966,141.27981
2012-01-06,Cafe＆Dining JP ?お台場デックス東京ビーチ?,38.424966,141.27981
2012-01-05,梅香亭,38.424966,141.27981
2012-01-04,せたカフェキッチン,38.424966,141.27981
2012-01-04,カフェダイニング 燦 －SUN－,38.424966,141.27981
2011-12-31,農家の台所 くにたちファーム,38.424966,141.27981
2011-12-29,サボテンと目玉焼,38.424966,141.27981
2011-12-29,CAFE Doji （カフェ ドジ）,38.424966,141.27981
2011-12-29,Cafe　Rose ear（カフェ　ローズイヤー）,38.424966,141.27981
2011-12-29,ベーカリーレストラン サンマルク 高松太田店,38.424966,141.27981
2011-12-28,ベーカリーレストラン　サンマルク 京都宇治店,38.424966,141.27981
2011-12-28,シャトーカミヤ カフェアベイユ,38.424966,141.27981
2011-12-28,アジアンキッチン ちょもらんま,38.424966,141.27981
2011-12-28,自由が丘どみぐら亭,38.424966,141.27981
2011-12-28,Cafe DINING Poco a Poco,38.424966,141.27981
2011-12-27,セカンドハウス堅田店,38.424966,141.27981
2011-12-26,Dessert Cafe Hachi （デザートカフェ ハチ）,38.424966,141.27981
2011-12-25,カフェ 理科室のオルガン,38.424966,141.27981
2011-12-25,蜜カフェ （ミツカフェ）,38.424966,141.27981
2011-12-23,カフェソラーレ リナックスカフェ秋葉原店,38.424966,141.27981
2011-12-23,カフェ スペーラ,38.424966,141.27981
2011-12-22,サイエンスカフェ・ガリレオ・ガリレイ,38.424966,141.27981
2011-12-18,PRONTO　柏東口店,38.424966,141.27981
2011-12-12,カフェ アンドナンド神谷町ショップ,38.424966,141.27981
2011-12-05,カフェ・ド・伊万里,38.424966,141.27981
2011-12-04,カフェ・オール・エ・ダン,38.424966,141.27981
2011-11-26,ラバーズ ロック カフェ 阿佐ヶ谷店（Lovers Rock Cafe）,38.424966,141.27981
2011-11-25,かじべ葉山店,38.424966,141.27981
2011-11-24,cafe lobo,38.424966,141.27981
2011-11-21,ジュアカフェ,38.424966,141.27981
2011-11-20,いずもレストラン,38.424966,141.27981
2011-11-12,サンマルクカフェ ソフトバンクヨドバシ梅田店,38.424966,141.27981
2011-11-12,Asian cafe coque （アジアンカフェ コキュウ）,38.424966,141.27981
2011-11-08,SYUNA &BANI葉山店,38.424966,141.27981
2011-11-08,ココナラ カフェ,38.424966,141.27981
2011-11-04,radoucir ラドゥシア,38.424966,141.27981
2011-11-03,レストラン ピーコック,38.424966,141.27981
2011-11-02,PITSTOP Circuit Lounge,38.424966,141.27981
2011-11-02,レストラン五明館,38.424966,141.27981
2011-11-01,Cafe Flottant カフェ･フロッタン,38.424966,141.27981
2011-11-01,nice time cafe,38.424966,141.27981
2011-10-31,Sekky’s DINER,38.424966,141.27981
2011-10-31,FLEX DINER  HIDE and SEEK,38.424966,141.27981
2011-10-31,Happy Candy Cafe,38.424966,141.27981
2011-10-30,AIDA with CAFE　江坂店,38.424966,141.27981
2011-10-30,SOYS CAFE ソイズカフェ,38.424966,141.27981
2011-10-30,Cafe ミワ,38.424966,141.27981
2011-10-30,mellow cafe,38.424966,141.27981
2011-10-30,Restaurant POPPO1929,38.424966,141.27981
2011-10-30,Cafe 紅い屋,38.424966,141.27981
2011-10-30,Cafe Marberry,38.424966,141.27981
2011-10-29,猫カフェClassic,38.424966,141.27981
2011-10-22,cafe ONENESS （カフェ ワンネス）,38.424966,141.27981
2011-10-21,カフェ・ハイチ新宿本店,38.424966,141.27981
2011-10-21,カフェレストラン ジーラソーレ,38.424966,141.27981
2011-10-21,イカしたカフェ・セテール,38.424966,141.27981
2011-10-21,バーガー＆カフェ 多摩センター MAHANA B＆C,38.424966,141.27981
2011-10-15,レストラン クラージョ,38.424966,141.27981
2011-10-14,CAFE/CAKE SUNNY-SIDE UP,38.424966,141.27981
2011-10-13,cafe mew,38.424966,141.27981
2011-10-09,Original Joe’s　オリヂナル・ジョーズ,38.424966,141.27981
2011-10-09,PARADISE CAFE　,38.424966,141.27981
2011-10-08,Cafe ReBeau,38.424966,141.27981
2011-10-06,オールデイズ 両国店,38.424966,141.27981
2011-10-03,マルモ （marumo）,38.424966,141.27981
2011-10-02,Cafe de Jeanne カフェ ド ジェーン,38.424966,141.27981
2011-10-02,カフェレストラン 参番館,38.424966,141.27981
2011-10-01,サンアロハ　湘南店,38.424966,141.27981
2011-09-30,FRUITS CAFE TOOBOO 楠葉並木店,38.424966,141.27981
2011-09-29,ベーカリーレストランサンマルク 枚方東香里店,38.424966,141.27981
2011-09-28,Princess Heart,38.424966,141.27981
2011-09-27,Rainbow Cafe （レインボウ カフェ）,38.424966,141.27981
2011-09-27,銀座文明堂 勝どき店,38.424966,141.27981
2011-09-26,モナコ,38.424966,141.27981
2011-09-25,洋食エリーゼ,38.424966,141.27981
2011-09-25,クイーン・アリス アクア,38.424966,141.27981
2011-09-25,ロイヤル フードコート エアポートガーデン,38.424966,141.27981
2011-09-25,flour神の倉,38.424966,141.27981
2011-09-25,haluta nagano,38.424966,141.27981
2011-09-20,208209,38.424966,141.27981
2011-09-17,ブルーノート,38.424966,141.27981
2011-09-16,LA CARIBENA,38.424966,141.27981
2011-09-15,ベッシーカフェ,38.424966,141.27981
2011-09-13,KEIZO,38.424966,141.27981
2011-09-12,カフェ・フェアリースター,38.424966,141.27981
2011-09-11,カフェ・アンデパンダン銀座,38.424966,141.27981
2011-09-10,カフェこぐま！,38.424966,141.27981
2011-09-10,カフェ ゴトー 白山店 （CAFE GOTOO）,38.424966,141.27981
2011-09-09,Pois （ポイス）,38.424966,141.27981
2011-09-06,ローゼンハイム池袋サンシャインシティアルパ店,38.424966,141.27981
2011-09-05,コスタ北条,38.424966,141.27981
2011-09-04,三田本店,38.424966,141.27981
2011-09-01,ベーカリーレストラン サンマルク あざみ野店,38.424966,141.27981
2011-08-31,チッタ カフェ 川崎 ラ チッタデッラ店,38.424966,141.27981
2011-08-31,ATOM!C’ ARROWS,38.424966,141.27981
2011-08-25,雑貨＆カフェ セカンドフィールド,38.424966,141.27981
2011-08-20,NEW YORKER’S Cafe 千駄ヶ谷1丁目店,38.424966,141.27981
2011-08-16,カフェスト ナガサワ,38.424966,141.27981
2011-08-14,グラノラ,38.424966,141.27981
2011-08-13,ボンラパス薬院店,38.424966,141.27981
2011-08-07,カフェ・コンタティーノ福屋広島駅前店,38.424966,141.27981
2011-08-01,エクストールカフェ,38.424966,141.27981
2011-07-31,イタリアントマトカフェ 横須賀モアーズ店,38.424966,141.27981
2011-07-29,Darts＆Dining Blue Arrow,38.424966,141.27981
2011-07-29,シャトーカミヤ八戸,38.424966,141.27981
2011-07-29,カフェクラブ　ニュートン,38.424966,141.27981
2011-07-27,HOKKAIDO DISHES in Ginza,38.424966,141.27981
2011-07-27,近鉄小倉駅前カフェバーKOKOROOM,38.424966,141.27981
2011-06-25,テラスジュレ,38.424966,141.27981
2011-06-13,空色カフェ,38.424966,141.27981
2011-06-10,ＣＡＦＥ　ＬＩＮＫ,38.424966,141.27981
2011-06-06,ストロガノフ亭,38.424966,141.27981
2011-05-31,ヴィレッジ ヴァンガード　ダイナーイオン熱田,38.424966,141.27981
2011-05-29,サラダマーケット青山一丁目,38.424966,141.27981
2011-05-25,カフェ・ツチオーネ自由が丘店,38.424966,141.27981
2011-05-25,ヘキサゴンカフェ,38.424966,141.27981
2011-05-23,Kaffe Lotta,38.424966,141.27981
2011-05-23,ベンズ・カフェ,38.424966,141.27981
2011-05-22,ニュートロン京都,38.424966,141.27981
2011-05-16,USSシーメンズクラブ,38.424966,141.27981
2011-05-11,岡山空港　展望れすとらん　MIYOSHINO,38.424966,141.27981
2011-05-09,ラヴァンデリ恵比寿店,38.424966,141.27981
2011-05-09,エクセルシオール カフェ 新百合ヶ丘店,38.424966,141.27981
2011-05-08,セドナ代官山,38.424966,141.27981
2011-05-08,BOBOS by QUEEN ALICE 品川店,38.424966,141.27981
2011-05-05,カフェ・エクウス,38.424966,141.27981
2011-04-30,ナラティヴカフェ,38.424966,141.27981
2011-04-25,コヤcoya,38.424966,141.27981
2011-04-25,アンチエイジングレストラン麻布十八番,38.424966,141.27981
2011-04-10,cafe HEAVEN’S,38.424966,141.27981
2011-04-10,マザームーンカフェ名古屋店,38.424966,141.27981
2011-04-04,RitMo,38.424966,141.27981
2011-03-31,日産スタジアムレストランMoi,38.424966,141.27981
2011-03-31,F1 PIT STOP CAFE,38.424966,141.27981
2011-03-29,花畑牧場 アピア店,38.424966,141.27981
2011-03-29,レストランカラオケSHiDAX八王子八日町クラブ,38.424966,141.27981
2011-03-24,マリノスカフェ,38.424966,141.27981
2011-03-22,よかちゃ新宿,38.424966,141.27981
2011-03-09,ブルースクエアカフェ,38.424966,141.27981
2011-02-11,レストラン アルペッジォ,38.424966,141.27981
2011-02-11,WAKO CAFE,38.424966,141.27981
2011-02-11,レストラン THE WAKO,38.424966,141.27981
2011-01-26,カフェ アンドナンド渋谷公園通りショップ,38.424966,141.27981
2011-01-22,ＭＯＤＩＳＨ馬車道店,38.424966,141.27981
2011-01-22,レストラン ハイウエイ,38.424966,141.27981
2011-01-22,ドギーズカフェ富士河口湖店,38.424966,141.27981
2011-01-18,ベーカリーレストラン サンマルク大宮指扇店,38.424966,141.27981
2011-01-15,オーストラリアンレストラン＆バー　オージー,38.424966,141.27981
2010-12-29,エーデルワイス,38.424966,141.27981
2010-11-30,ヴェントマリーノ,38.424966,141.27981
2010-11-29,ハードロックカフェ名古屋,38.424966,141.27981
2010-10-29,洋食エリーゼ 新橋店,38.424966,141.27981
2010-10-04,レストラン＆カフェ「幌馬車」,38.424966,141.27981
2010-09-30,LA FABRIQUE,38.424966,141.27981
2010-09-24,アフロディーテ プラウ店,38.424966,141.27981
2010-09-24,カフェ・ド・ヴルーテイオンモール堺北花田プラウ店,38.424966,141.27981
