Date,ShopName,Prefecture,longitude,latitude,Open,genres
2021-11-06,FunFunMonster,福岡県,130.8811213156691,33.8851149339654,1, #ドーナツ
2021-11-04,フロレスタ戸越銀座店,東京都,139.7135049129692,35.61582008020978,1, #ドーナツ
2021-10-29,KAMOGAWA BAKERY 堀川五条店,京都府,135.75219593151223,34.99590081849097,1, #ドーナツ
2021-10-27,クリスピー・クリーム・ドーナツ 則武新町店,愛知県,136.8777393156908,35.179988364904176,1, #ドーナツ
2021-10-27,ミスタードーナツ フルルガーデン八千代ショップ,千葉県,140.11585003981492,35.722493690614556,1, #ドーナツ
2021-10-27,ミスタードーナツ 鶴見駅前ショップ,神奈川県,139.67491853542026,35.50879129709903,1, #ドーナツ
2021-09-30,ミッドランドシネマ ドーナツ ファクトリー,愛知県,136.88635318202242,35.17002441517525,1, #ドーナツ
2021-09-25,RACINES DONUT&ICE CREAM（ラシーヌ ドーナツ＆アイスクリーム）,東京都,139.71300394415235,35.66759001537437,1, #ドーナツ
2021-09-10,ROMII DONUT STORE ロミードーナツストア,茨城県,140.57267041571072,36.32042220225762,1, #ドーナツ
2021-09-09,クリスピー・クリーム・ドーナツ 東急百貨店さっぽろ店,北海道,141.35352607122553,43.06655477058034,1, #ドーナツ
2021-08-31,ミスタードーナツ 松井山手ショップ,京都府,135.71936061568476,34.83346978360262,1, #ドーナツ
2021-08-20,KUMANOWA  クマノワ,兵庫県,134.93921561523203,34.688545780437515,1, #ドーナツ
2021-08-19,福ベーグル 前橋南町店,群馬県,139.06235791571166,36.37589059916763,1, #ドーナツ
2021-08-05,ミスタードーナツ アルデ新大阪ショップ,大阪府,135.49864751568316,34.73372468895551,1, #ドーナツ
2021-08-04,ウフフドーナチュ旧軽井沢,長野県,138.6321736157113,36.35699610022079,1, #ドーナツ
2021-07-27,AOYAGI BAGEL 西荻窪店,東京都,139.60206080555736,35.703770236342066,1, #ドーナツ
2021-07-23,日々是君想(ひびこれきもおも),東京都,139.66321800555875,35.768322432797156,1, #ドーナツ
2021-07-20,ミスタードーナツ イトーヨーカドー武蔵小杉ショップ,神奈川県,139.65750637865077,35.57560441142828,1, #ドーナツ
2021-07-19,クリスピー・クリーム・ドーナツ 丸井吉祥寺店,東京都,139.57899971290044,35.70199953643918,1, #ドーナツ
2021-07-19,フロレスタ熊本水道町店,熊本県,130.71258382924893,32.803011026060005,1, #ドーナツ
Date,ShopName,Prefecture,longitude,latitude,0, #ドーナツ
2021-11-06,FunFunMonster,福岡県,130.8811213156691,33.8851149339654,1, #ドーナツ
2021-11-04,フロレスタ戸越銀座店,東京都,139.7135049129692,35.61582008020978,1, #ドーナツ
2021-10-29,KAMOGAWA BAKERY 堀川五条店,京都府,135.75219593151223,34.99590081849097,1, #ドーナツ
2021-10-27,クリスピー・クリーム・ドーナツ 則武新町店,愛知県,136.8777393156908,35.179988364904176,1, #ドーナツ
2021-10-27,ミスタードーナツ フルルガーデン八千代ショップ,千葉県,140.11585003981492,35.722493690614556,1, #ドーナツ
2021-10-27,ミスタードーナツ 鶴見駅前ショップ,神奈川県,139.67491853542026,35.50879129709903,1, #ドーナツ
2021-09-30,ミッドランドシネマ ドーナツ ファクトリー,愛知県,136.88635318202242,35.17002441517525,1, #ドーナツ
2021-09-25,RACINES DONUT&ICE CREAM（ラシーヌ ドーナツ＆アイスクリーム）,東京都,139.71300394415235,35.66759001537437,1, #ドーナツ
2021-09-10,ROMII DONUT STORE ロミードーナツストア,茨城県,140.57267041571072,36.32042220225762,1, #ドーナツ
2021-09-09,クリスピー・クリーム・ドーナツ 東急百貨店さっぽろ店,北海道,141.35352607122553,43.06655477058034,1, #ドーナツ
2021-08-31,ミスタードーナツ 松井山手ショップ,京都府,135.71936061568476,34.83346978360262,1, #ドーナツ
2021-08-20,KUMANOWA  クマノワ,兵庫県,134.93921561523203,34.688545780437515,1, #ドーナツ
2021-08-19,福ベーグル 前橋南町店,群馬県,139.06235791571166,36.37589059916763,1, #ドーナツ
2021-08-05,ミスタードーナツ アルデ新大阪ショップ,大阪府,135.49864751568316,34.73372468895551,1, #ドーナツ
2021-08-04,ウフフドーナチュ旧軽井沢,長野県,138.6321736157113,36.35699610022079,1, #ドーナツ
2021-07-27,AOYAGI BAGEL 西荻窪店,東京都,139.60206080555736,35.703770236342066,1, #ドーナツ
2021-07-23,日々是君想(ひびこれきもおも),東京都,139.66321800555875,35.768322432797156,1, #ドーナツ
2021-07-20,ミスタードーナツ イトーヨーカドー武蔵小杉ショップ,神奈川県,139.65750637865077,35.57560441142828,1, #ドーナツ
2021-07-19,クリスピー・クリーム・ドーナツ 丸井吉祥寺店,東京都,139.57899971290044,35.70199953643918,1, #ドーナツ
2021-07-19,フロレスタ熊本水道町店,熊本県,130.71258382924893,32.803011026060005,1, #ドーナツ
2021-07-19,ミスタードーナツ イオンモール白山ショップ,石川県,136.58227964458027,36.54356387936845,1, #ドーナツ
2021-07-12,クリスピー・クリーム・ドーナツ 札幌ル・トロワ店,北海道,141.35561820570018,43.06031899858211,1, #ドーナツ
2021-07-12,byROOTH,福岡県,130.87949292925006,33.88459201212529,1, #ドーナツ
2021-07-06,小麦の奴隷 名古屋千種店,愛知県,136.92653425825776,35.16541867285497,1, #ドーナツ
2021-07-05,ミスタードーナツ千里中央駅前ショップ,大阪府,135.49475489859873,34.809625546725734,1, #ドーナツ
2021-07-01,BAGEL & BAGEL Tokyo 新宿ミロード店,東京都,139.69913783351623,35.68898840917234,1, #ドーナツ
2021-06-24,ミスタードーナツ イオンモール津田沼店,千葉県,140.023932956957,35.69030733708074,1, #ドーナツ
2021-06-24,ミスタードーナツ  ユアエルム八千代台ショップ,千葉県,140.0914072292359,35.70060038784279,1, #ドーナツ
2021-06-15,ミーヤベーグル,長野県,-1,-1,1, #ドーナツ
2021-06-12,フロレスタ三軒茶屋店,東京都,139.6704509550262,35.64379148005629,1, #ドーナツ
2021-06-12,sino.a Bagel TOYAMA,富山県,136.91593110557181,36.50955759170487,1, #ドーナツ
2021-06-02,ミスタードーナツ イオンモール川口ショップ,埼玉県,139.72340665828898,35.83760199503955,1, #ドーナツ
2021-06-02,ミスタードーナツ 岡山駅前ショップ,岡山県,133.9211502043078,34.66582982152178,1, #ドーナツ
2021-05-09,TSUBAME DONUT 渡辺通店,none,130.4044233256769,33.58629783982719,1, #ドーナツ
2021-04-28,ミサキドーナツ 横浜ハンマーヘッド店,神奈川県,139.63936231583256,35.45615488024745,1, #ドーナツ
2021-04-26,CYCLO（シクロ）,千葉県,139.91658882926077,35.88311099875924,1, #ドーナツ
2021-04-25,福ベーグル 夕やけだんだん谷中銀座店,東京都,139.76703540562372,35.72775448018337,1, #ドーナツ
2021-04-22,Bagel store Bonheur,大阪府,-1,-1,1, #ドーナツ
2021-04-11,VEGETRICOT.(ベジトリコ),愛知県,136.9634107056118,35.137105380324776,1, #ドーナツ
2021-04-03,ミスタードーナツ堺東駅前ショップ,大阪府,135.4835018292592,34.57377099877919,1, #ドーナツ
2021-04-03,fujico muffin 逗子店 （フジコマフィン）,神奈川県,139.60259200183978,35.29762350701597,1, #ドーナツ
2021-03-26,MOGMOG&,北海道,-1,-1,1, #ドーナツ
2021-03-25,クリスピー・クリーム・ドーナツ LINKS UMEDA店,大阪府,135.4957074276463,34.70418978043357,1, #ドーナツ
2021-03-24,クリスピー・クリーム・ドーナツ 池袋ショッピングパーク店,東京都,139.71224148391693,35.73047913039157,1, #ドーナツ
2021-03-16,ミスタードーナツ イオンモール幕張新都心ショップ,千葉県,140.02475831583664,35.6563010802002,1, #ドーナツ
2021-03-11,nicoドーナツ トキハ本店,大分県,131.6074893374311,33.23721834433818,1, #ドーナツ
2021-03-05,フロレスタ王子公園店,兵庫県,135.21944522486925,34.71059383531219,1, #ドーナツ
2021-03-05,ミスタードーナツ イオンモール新利府ショップ,宮城県,140.97148107898806,38.32270199547054,1, #ドーナツ
2021-03-04,THE CITY DONUTS AND COFFEE,兵庫県,135.1897647201648,34.69815048026636,1, #ドーナツ
2021-02-28,ミスタードーナツ ekimo天王寺ショップ,大阪府,135.51341882925925,34.64596479877807,1, #ドーナツ
2021-02-03,Soyo’s bakery （ソヨズベーカリー）,鳥取県,133.85003312394312,35.45383656251021,1, #ドーナツ
2021-01-25,BAGEL&BAGEL アスナル金山店,愛知県,136.9006626792438,35.14400139877021,1, #ドーナツ
2020-11-20,Perori Chigasaki,神奈川県,139.40766082926007,35.3252099987674,1, #ドーナツ
2020-11-19,ミスタードーナツ セントラルパーク ショップ,愛知県,136.9072010789737,35.17152799561594,1, #ドーナツ
2020-11-19,ミスタードーナツイオン原ショップ,福岡県,130.3398710157955,33.56453848074154,1, #ドーナツ
2020-11-16,クリスピー・クリーム・ドーナツららテラス武蔵小杉店,神奈川県,139.65965401296825,35.575164480219215,1, #ドーナツ
2020-11-01,フロレスタイオンタウン各務原店,岐阜県,136.848059412965,35.41174808025799,1, #ドーナツ
2020-10-28,フロレスタ米子店,鳥取県,133.3200794729441,35.43599384894728,1, #ドーナツ
2020-10-12,ミスタードーナツ 津ステーションショップ,三重県,136.51234551581823,34.735363530425566,1, #ドーナツ
2020-10-07,ミスタードーナツ 新潟万代シテイ ショップ,新潟県,-1,-1,1, #ドーナツ
2020-09-14,クリスピー・クリーム・ドーナツ ららぽーと愛知東郷店,愛知県,137.04604317005166,35.09839599724075,1, #ドーナツ
2020-09-02,ミスタードーナツ マルイファミリー志木ショップ,埼玉県,139.57188651583994,35.8234622801614,1, #ドーナツ
2020-07-14,クリスピー・クリーム・ドーナツ アトレヴィ三鷹店,東京都,139.56031082924451,35.70253299876188,1, #ドーナツ
2020-06-25,ミスタードーナツ イオン札幌麻生ショップ,北海道,141.33888182927075,43.1070869986965,1, #ドーナツ
2020-06-04,GEs BAGLE WORKS,埼玉県,139.6080455517627,35.80890870982341,1, #ドーナツ
2020-05-24,ミスタードーナツ コースカベイサイドショップ,神奈川県,139.66181488153777,35.28293699838696,1, #ドーナツ
2020-05-23,ミスタードーナツ みのおキューズモールショップ,大阪府,135.49109719806899,34.83234852141321,1, #ドーナツ
2020-04-20,○粉房 （わこうぼう）郡山 フェスタ日和田店,福島県,140.37528382926334,37.44266499873886,1, #ドーナツ
2020-04-09,ミスタードーナツ トナリエ栂・美木多 ショップ,大阪府,135.4885196158231,34.484332980490464,1, #ドーナツ
2020-04-09,COFFEE & DONUTS 5 – FIVE,栃木県,-1,-1,1, #ドーナツ
2020-03-28,ミスタードーナツイオンスタイル海老江ショップ,大阪府,135.47522182924382,34.69787199877726,1, #ドーナツ
2020-03-22,ミスタードーナツ阪神大阪梅田ショップ,大阪府,135.4964888292599,34.701301998777126,1, #ドーナツ
2020-03-17,ミスタードーナツ ニトリモール枚方ショップ,大阪府,-1,-1,1, #ドーナツ
2020-03-17,ミスタードーナツ 船橋FACEショップ,千葉県,139.98330021584715,35.700725180189785,1, #ドーナツ
2020-03-17,ミスタードーナツ  テラッソ姫路ショップ,兵庫県,134.6934537278064,34.827303580402116,1, #ドーナツ
2020-03-13,フロレスタ熊本城京町店,熊本県,130.70530100000002,32.811595,1, #ドーナツ
2020-03-08,JACK IN THE DONUTS 羽生店,埼玉県,139.5399446158561,36.142677080089385,1, #ドーナツ
2020-02-22,アシタベ,香川県,133.6832488292432,34.217060998785094,1, #ドーナツ
2020-02-21,キセツノネイロ/neiroドーナツ,京都府,135.78968672926047,35.08571949877108,1, #ドーナツ
2020-02-10,フロレスタ大分大在店,大分県,131.7334638292582,33.2433599988021,1, #ドーナツ
2020-02-03,トモヱベーグルサンドウィッチラボ,北海道,141.5770610348585,42.88198598981672,1, #ドーナツ
2020-01-31,ミスタードーナツ 名古屋駅桜通口店,愛知県,136.8857768292445,35.17007999876977,1, #ドーナツ
2020-01-21,Bagel & Scone designK,京都府,135.744336056617,35.01818075080785,1, #ドーナツ
2020-01-03,BAGEL & BAGEL City 洛北阪急スクエア店,京都府,135.77874581409213,35.04111716744931,1, #ドーナツ
2020-01-03,ミスタードーナツ 洛北阪急スクエアショップ,京都府,135.77874581409213,35.04111716744931,1, #ドーナツ
2019-12-23,ヘンボッハン テッペ 沖縄店,沖縄県,127.88461882925118,26.657773998952376,1, #ドーナツ
2019-12-13,JACK IN THE DONUTS THE OUTLETS HIROSHIMA店,広島県,132.39564411582165,34.40988178051017,1, #ドーナツ
2019-12-02,珈琲とドーナツ ふわもち邸,東京都,139.63412382926106,35.62755699876292,1, #ドーナツ
2019-12-01,BAGEL＆BAGEL 南町田グランベリーパーク店,東京都,139.47017007897725,35.51024499559779,1, #ドーナツ
2019-12-01,JACK IN THE DONUTS グランベリーパーク店,東京都,139.47017007897725,35.51024499559779,1, #ドーナツ
2019-11-22,ベーグル ファンズ イオンモール明和店,三重県,136.61315021582504,34.58123238046535,1, #ドーナツ
2019-10-03,JACK IN THE DONUTS ららぽーと沼津店,静岡県,138.83961772871865,35.11834296803343,1, #ドーナツ
2019-10-01,もみじ堂,広島県,132.4759509816671,34.398751806293554,1, #ドーナツ
2019-09-30,ミスタードーナツ させぼ五番街ショップ,長崎県,129.72278681407244,33.16521026829255,1, #ドーナツ
2019-09-26,フロレスタ須磨キッチン店,兵庫県,135.1157368292599,34.643835998778094,1, #ドーナツ
2019-09-13,ジャック イン ザ ドーナッツ イオン藤井寺ショッピングセンター店,大阪府,135.59292351408408,34.57394926765048,1, #ドーナツ
2019-09-10,粉模様の空,香川県,133.7038908292592,34.096835998787085,1, #ドーナツ
2019-08-29,BAGEL ＆ BAGEL City 徳島ローランギャロス 店,徳島県,134.53666412870496,34.04350986848855,1, #ドーナツ
2019-08-03,ぐるぐるべゑぐる,神奈川県,139.55060080676017,35.31754766718571,1, #ドーナツ
2019-08-01,クリスピー・クリーム・ドーナツ 越谷レイクタウン店,埼玉県,139.82276521585072,35.87774288014892,1, #ドーナツ
2019-07-30,ジャックインザドーナッツ イオンモール東浦店,愛知県,136.97198921583268,34.97875048036409,1, #ドーナツ
2019-07-19,Home Made Donuts NISCO,三重県,136.02945082925885,33.83013499879168,1, #ドーナツ
2019-07-12,クリスピー・クリーム・ドーナツ神戸マルイ店,兵庫県,135.1936235287229,34.69258456820922,1, #ドーナツ
2019-06-08,Specialty Pumpkin Zucca,兵庫県,135.19074646794445,34.69025478598482,1, #ドーナツ
2019-06-05,ZARAME BASE,京都府,135.7293738292603,35.03188399877195,1, #ドーナツ
2019-05-24,ヘンボッハン テッペ 幸せの宅急便,宮城県,140.87953982926447,38.258713998729654,1, #ドーナツ
2019-05-19,ZARAME 京都店,京都府,135.7293718292604,35.0318509987719,1, #ドーナツ
2019-05-19,クリスピー・クリーム・ドーナツ東京ソラマチ店,東京都,139.80860591584718,35.71025598018745,1, #ドーナツ
2019-05-17,パンケーキとベーグルの店 colony コロニー,北海道,141.90226871415763,43.55541106542288,1, #ドーナツ
2019-04-24,JACK IN THE DONUTS（ジャック イン ザ ドーナッツ）ピエリ守山店,滋賀県,135.9428234184907,35.12164577880825,1, #ドーナツ
2019-04-04,ミサキドーナツよこすかポートマーケット店,神奈川県,139.67501582926062,35.283044998768055,1, #ドーナツ
2019-04-02,ミスタードーナツ アクタ西宮店,兵庫県,135.3567738292439,34.747030998776424,1, #ドーナツ
2019-03-31,KAHAKAI 千葉店,千葉県,140.1146182543951,35.61060673747563,1, #ドーナツ
2019-03-30,JUNO（ジュノ） 自由が丘本店,東京都,139.66623240676364,35.60674556706929,1, #ドーナツ
2019-03-21,JACK IN THE DONUTS アルプラザ香里園店,大阪府,135.62275242871854,34.78318366816985,1, #ドーナツ
2019-03-20,koé donuts kyoto コエ・ドーナツ 京都,京都府,135.76733700676013,35.00424126730767,1, #ドーナツ
2019-03-19,クリスピー・クリーム・ドーナツ北心斎橋店,大阪府,135.501172006754,34.67601296745022,1, #ドーナツ
2019-03-05,ミスタードーナツいよてつ髙島屋ショップ,愛媛県,132.7631369056297,33.8353477616868,1, #ドーナツ
2019-02-27,ミスタードーナツ 天王寺ミオショップ,大阪府,135.51240171545177,34.646791893610704,1, #ドーナツ
2019-02-27,つむぎベーグル,埼玉県,139.186873006776,36.23527416683057,1, #ドーナツ
2019-02-14,ミスタードーナツ フレンドタウン交野 ショップ,大阪府,135.67371365828598,34.77413499510392,1, #ドーナツ
2019-02-13,クリスピー・クリーム・ドーナツ コトチカ四条店,京都府,135.75913082926024,35.00300299877241,1, #ドーナツ
2018-12-13,BAGEL & BAGEL City 新所沢店,埼玉県,139.4572854887025,35.807478529185744,1, #ドーナツ
2018-12-12,スイーツDecoいるむ,北海道,141.4211675784843,43.03429456556367,1, #ドーナツ
2018-11-29,クリスピー・クリーム・ドーナツ 中野マルイ店,東京都,139.66462419296536,35.70475872400488,1, #ドーナツ
2018-11-25,クリスピー・クリーム・ドーナツ 柏高島屋ステーションモール店,千葉県,139.97056510608306,35.86283918287125,1, #ドーナツ
2018-11-25,BAGEL & BAGEL 柏高島屋ステーションモール店,千葉県,139.97056510608306,35.86283918287125,1, #ドーナツ
2018-11-23,ナチュアプラス イオンタウン川西店,兵庫県,135.41660102744498,34.85598899655125,1, #ドーナツ
2018-11-06,JACK IN THE DONUTS イオンモール津南店,三重県,136.5152749793398,34.67106144207654,1, #ドーナツ
2018-11-01,クリスピー・クリーム・ドーナツ 札幌ポールタウン店,北海道,141.3507086801174,43.05727889887905,1, #ドーナツ
2018-10-30,クリスピー・クリーム・ドーナツ流山おおたかの森 こかげテラス店,千葉県,139.9243491703307,35.87168808550467,1, #ドーナツ
2018-10-24,BAGEL & BAGEL 京王府中ショッピングセンター 店,東京都,139.4787611066603,35.67241186720613,1, #ドーナツ
2018-10-24,BAGEL & BAGEL City豊田高橋店,愛知県,137.18277237100028,35.09010735681309,1, #ドーナツ
2018-10-18,クリスピークリームドーナツ千歳アウトレットモール・レラ店,北海道,141.67294388011183,42.811194014585695,1, #ドーナツ
2018-10-17,BAGEL & BAGEL City  巣鴨店,東京都,139.74123862972198,35.73139795832573,1, #ドーナツ
2018-10-13,BALL DONUT PARK(ボール ドーナツ パーク)那覇オーパ店,沖縄県,127.67676070332527,26.21101816626808,1, #ドーナツ
2018-09-27,JACK IN THE DONUTS ららぽーと名古屋みなとアクルス,愛知県,136.88069867984413,35.109892368796366,1, #ドーナツ
2018-09-26,ツキノニジ,愛知県,137.03413537110887,35.17153216734385,1, #ドーナツ
2018-09-19,JACK IN THE DONUTSイオンモール出雲店,島根県,132.73014763211597,35.36755035481537,1, #ドーナツ
2018-09-14, ミスタードーナツ 京急川崎ショップ,神奈川県,139.70016779305124,35.53246666797133,1, #ドーナツ
2018-09-08,もとはし屋 昔ながらのあんドーナツ マルイファミリー志木店,埼玉県,139.57198427985898,35.82338102986701,1, #ドーナツ
2018-09-06,JACK IN THE DONUTS アルプラザ城陽店,京都府,135.7836622798205,34.84244408321692,1, #ドーナツ
2018-08-09,Nuts DOM くずはモール店,大阪府,135.67531061540674,34.86134848210458,1, #ドーナツ
2018-06-21,ジャック イン ザ ドーナッツ イオンモール和歌山店,和歌山県,135.1470899798276,34.27545201347651,1, #ドーナツ
2018-06-16,BAGEL＆BAGEL 京急百貨店 上大岡店,神奈川県,139.59585199171104,35.40851105258401,1, #ドーナツ
2018-06-14,ジャックインザドーナツ イオンモールいわき小名浜店,福島県,140.9022801599041,36.94685302152403,1, #ドーナツ
2018-04-27,クリスピー・クリーム・ドーナツ MiO香久山店,愛知県,137.02490871522588,35.14219748032342,1, #ドーナツ
2018-04-27,クリスピー・クリーム・ドーナツ町田マルイ店,東京都,139.44263757996535,35.54276478032361,1, #ドーナツ
2018-04-26,ミスタードーナツ ジョイナステラス二俣川ショップ,神奈川県,139.5316738275458,35.46357938024553,1, #ドーナツ
2018-03-25,Eltana（エルタナ）肥後橋店,大阪府,135.4965421126168,34.68962978043732,1, #ドーナツ
2018-03-25,クリスピークリームドーナツ吉祥寺元町通り店,東京都,139.57886170529048,35.70415278018889,1, #ドーナツ
2018-03-25,クリスピークリームドーナツ玉川髙島屋S・C店,東京都,139.62463751554398,35.6147764802099,1, #ドーナツ
2018-03-23,ミスタードーナツ 西広島駅前ショップ,広島県,132.42564868000954,34.39683798060894,1, #ドーナツ
2018-03-22,ベーグル&ベーグル ピオレ姫路店,兵庫県,134.68982965491668,34.827193681541004,1, #ドーナツ
2018-03-16,ミスタードーナツ イオンモール座間ショップ,神奈川県,139.42236578007913,35.5003198475757,1, #ドーナツ
2018-03-01,ミスタードーナツ/ザ・シフォン＆スプーン グランエミオ所沢ショップ,埼玉県,139.4717176155001,35.78620903181439,1, #ドーナツ
2018-02-26,WISE SONS TOKYO,東京都,139.76345309185342,35.68123508029129,1, #ドーナツ
2018-02-15,nicoドーナツ 宇佐店,大分県,131.28670451545727,33.576839050079464,1, #ドーナツ
2018-02-14,はらドーナッツ天神橋一丁目店,大阪府,135.50983851547858,34.69280409114832,1, #ドーナツ
2018-02-03,ミスタードーナツ  マーケットシティ桐生ショップ,群馬県,139.31629601551268,36.40574179750326,1, #ドーナツ
2018-02-01,BAGEL & BAGEL City 三島店,静岡県,138.91228481548677,35.1216022680662,1, #ドーナツ
2017-10-14,Agnes’ Portuguese Bake Shop cafe Tokyo Asakusa,東京都,139.7906956799603,35.713981380283705,1, #ドーナツ
2017-09-20,ミスタードーナツイオンモール松本ショップ,長野県,137.97620767997276,36.23400958016676,1, #ドーナツ
2017-09-04,ミスタードーナツ イオンスタイル豊田ショップ,愛知県,137.15749257994506,35.078474580435476,1, #ドーナツ
2017-08-20,はらドーナッツ三井アウトレットパーク大阪鶴見店,大阪府,135.59080191534713,34.71214719011252,1, #ドーナツ
2017-08-14,ハチハチベーグル 八王子製造所直売店,埼玉県,139.60839921537212,35.88264342650661,1, #ドーナツ
2017-07-31,ミスタードーナツ イオン鳥取ショップ,鳥取県,134.21912614652786,35.49351203695787,1, #ドーナツ
2017-07-31,ミスタードーナツ西友手稲ショップ,北海道,-1,-1,1, #ドーナツ
2017-07-21,はらドーナッツ セブンパーク アリオ柏店,千葉県,140.01047541537096,35.833562129209675,1, #ドーナツ
2017-07-02,ミスタードーナツさんすて岡山ショップ,岡山県,133.91529601536536,34.665751192596645,1, #ドーナツ
2017-07-01,Agnes’ Portuguese Bake Shop cafe 奈良店,奈良県,135.82557921560132,34.68251128043902,1, #ドーナツ
2017-06-28,JACK IN THE DONUTS イオンモール神戸南店,兵庫県,135.17231287986658,34.665418592710004,1, #ドーナツ
2017-06-20,JACK IN THE DONUTS イーアス高尾店,東京都,139.28678577988632,35.6429461397745,1, #ドーナツ
2017-05-11,クリスピー・クリーム・ドーナツ ディアモール大阪店,大阪府,135.49535747988867,34.70060498053025,1, #ドーナツ
2017-05-01,タコス＆もちもちドーナツ Red chili,岩手県,141.76503572923113,40.190278223189395,1, #ドーナツ
2017-04-28,はらドーナッツ 広島LECT店,広島県,132.40472221533986,34.372797608216274,1, #ドーナツ
2017-04-18,Mister Donut to go 池袋ショッピングパークショップ,東京都,139.71067367980137,35.730537434970394,1, #ドーナツ
2017-04-16,mister donut to go 新宿小田急エースショップ,東京都,139.69669197980056,35.69169143710241,1, #ドーナツ
2017-04-14,ニコット＆マム 京都タワーサンド店,京都府,135.75716077978558,34.98757697540331,1, #ドーナツ
2017-03-27,はらドーナッツ天三店,大阪府,135.50954961532543,34.702722880434166,1, #ドーナツ
2017-03-21,ミスタードーナツ イオンモール新小松ショップ,石川県,136.46316437980286,36.395011680131766,1, #ドーナツ
2017-02-28,ミスタードーナツ石神井公園駅前ショップ,東京都,139.60413727978573,35.743740580276906,1, #ドーナツ
2016-12-21,クリスピークリームドーナツ シャポー市川店,千葉県,139.90570877939766,35.72889233506163,1, #ドーナツ
2016-12-08,JACK IN THE DONUTS イオンモール長久手店,愛知県,137.0483743793831,35.173017665379824,1, #ドーナツ
2016-12-03,bakery nook,徳島県,134.6078772793574,34.1816849184408,1, #ドーナツ
2016-11-25,フロレスタ 大分駅上野の森口店,大分県,131.6026337794492,33.23278878093063,1, #ドーナツ
2016-11-22,ワイハテーブル,山口県,131.84241587935375,34.03833912600559,1, #ドーナツ
2016-11-19,HIGAJYU BAGEL,東京都,139.72667097952146,35.76295828027246,1, #ドーナツ
2016-11-10,フロレスタ セルバテラス店,宮城県,140.878962979469,38.32427948822651,1, #ドーナツ
2016-11-07,Mister Donut to go三ツ境ライフショップ,神奈川県,139.50098427939065,35.46793324934489,1, #ドーナツ
2016-10-07,JACK IN THE DONUTS イオンモール神戸北店,兵庫県,135.1937929292099,34.86117249920401,1, #ドーナツ
2016-10-04,ミスタードーナツ ららぽーと湘南平塚ショップ,神奈川県,139.35279681503974,35.336282056420295,1, #ドーナツ
2016-09-29,はらドーナッツ+ジューススタンド フレンテ明大前店,東京都,139.6480121150482,35.66893083825419,1, #ドーナツ
2016-09-22,DUMBO Doughnuts and Coffee,東京都,139.73364021515752,35.65393898020071,1, #ドーナツ
2016-09-15,CAMDEN’S BLUE STAR DONUTS心斎橋OPA,大阪府,135.49765347959726,34.67331268053722,1, #ドーナツ
2016-09-15,CAMDEN’S BLUE STAR DONUTS渋谷ヒカリエ,東京都,139.70319937675524,35.65898128029647,1, #ドーナツ
2016-09-14,BAGEL&BAGEL my healthy life 渋谷ヒカリエ ShinQs店,東京都,139.70319937675524,35.65898128029647,1, #ドーナツ
2016-09-14,クリスピー･クリーム･ドーナツ イオンタウンユーカリが丘店,千葉県,140.15022817962648,35.726671280280655,1, #ドーナツ
2016-09-13,ミスタードーナツ サニーサイドモール小倉ショップ,福岡県,130.93097651498906,33.83223213674,1, #ドーナツ
2016-09-06,CAMDEN’S BLUE STAR DONUTS梅田阪神,大阪府,135.49559237918837,34.70108989080185,1, #ドーナツ
2016-09-06,CAMDEN’S BLUE STAR DONUTS新宿ルミネ1,東京都,139.69713547921646,35.6892006372401,1, #ドーナツ
2016-09-01,BAGEL&BAGEL仙台セルバ店,宮城県,140.87990447977276,38.32356707976273,1, #ドーナツ
2016-08-24,ロッテリア アピタ新守山FS店,愛知県,136.94656325076824,35.20492468021145,1, #ドーナツ
2016-07-15,ミスタードーナツ イオン焼津ショップ,静岡県,138.30738967953815,34.839321383385325,1, #ドーナツ
2016-07-10,サザンメイドカフェ前橋店,群馬県,139.05398867957587,36.380800298992696,1, #ドーナツ
2016-05-28,水色レコード,三重県,136.51874767947038,34.629715394620455,1, #ドーナツ
2016-04-24,ミスタードーナツ セブンパークアリオ柏ショップ,千葉県,140.01084567955021,35.833918329287634,1, #ドーナツ
2016-04-23,JACK IN THE DONUTSイオンモール今治新都市店,愛媛県,132.96063567950705,34.04420442569633,1, #ドーナツ
2016-04-22,JACK IN THE DONUTSイオンモール橿原店,奈良県,135.76043367965542,34.50737098058008,1, #ドーナツ
2016-04-15,みぃ・ベーグルカフェ＆ナチュラルマーケット イーサイト高崎店,群馬県,139.01015967970454,36.3224679801475,1, #ドーナツ
2016-04-13,ミスタードーナツ南千里駅前ショップ,大阪府,135.5078176796689,34.79326598050677,1, #ドーナツ
2016-04-13,ミスタードーナツ本川越ペペ ショップ,埼玉県,139.47945167969925,35.914653980237745,1, #ドーナツ
2016-04-06,YES!BAGEL くろおび屋,山梨県,138.33169767969636,35.80926998026175,1, #ドーナツ
2016-03-20,ミスタードーナツイオンモール堺鉄砲ショップ,大阪府,135.47901367979418,34.59406798055779,1, #ドーナツ
2016-03-10,JACK IN THE DONUTSイオンタウン姶良店,鹿児島県,130.6235146796454,31.73179698139168,1, #ドーナツ
2016-02-17,はらドーナッツ武蔵小杉東急フードショースライス店,神奈川県,139.65703131529145,35.57608598021898,1, #ドーナツ
2016-02-09,旅ベーグル,香川県,133.77498867969123,34.27556898064096,1, #ドーナツ
2015-12-10,中洲川端コーヒー&ドーナツ,福岡県,130.40615031529734,33.59340998073319,1, #ドーナツ
2015-12-10,ミスタードーナツ ららぽーと立川立飛ショップ,東京都,139.41571131535156,35.71317698018693,1, #ドーナツ
2015-12-04,JACK IN THE DONUTS イオンモール常滑店,愛知県,136.8238653153299,34.88109298038859,1, #ドーナツ
2015-12-03,dip bagel & soup style,福岡県,130.79231767973795,33.86689598075159,1, #ドーナツ
2015-11-25,クリスピー・クリーム・ドーナツ アトレ浦和店,埼玉県,139.6553583152576,35.8583199801534,1, #ドーナツ
2015-11-25,フロレスタ北千里駅前店,大阪府,135.50818131522936,34.82067998040378,1, #ドーナツ
2015-11-25,フロレスタ 大倉山,神奈川県,139.6281782050344,35.522146980231675,1, #ドーナツ
2015-11-19,JACK IN THE DONUTS イオンタウン成田富里店,千葉県,140.32014231516825,35.77837533224568,1, #ドーナツ
2015-11-19,ミスタードーナツ ららぽーとEXPOCITYショップ,大阪府,135.5332663151742,34.80519538512236,1, #ドーナツ
2015-11-16,MOSDO関西国際空港ショップ,大阪府,135.2419103151657,34.434360404943746,1, #ドーナツ
2015-11-11,ミスタードーナツ武生楽市ショップ,福井県,136.19052931525897,35.90751298014213,1, #ドーナツ
2015-11-05,CANVAS TOKYO （キャンバス トウキョウ）,東京都,139.71803267980442,35.64917433943353,1, #ドーナツ
2015-11-03,ジャックインザドーナッツ イオン和泉府中店,大阪府,135.41863631534707,34.485617402214395,1, #ドーナツ
2015-10-29,フロレスタ泉ヶ丘駅前店,大阪府,135.51004231518337,34.4966489804874,1, #ドーナツ
2015-10-29,ミスタードーナツららぽーと海老名ショップ,神奈川県,139.38689431520967,35.455794980247425,1, #ドーナツ
2015-10-24,フロレスタイオンタウン宇多津店,香川県,133.80817531517823,34.30837898053701,1, #ドーナツ
2015-10-23,ミスタードーナツ イオンモール四條畷店,大阪府,135.6272843151902,34.746094980422775,1, #ドーナツ
2015-10-01,ミスタードーナツ 江坂芳野町ショップ,大阪府,135.48860000000002,34.756811,1, #ドーナツ
2015-09-25,a little＋bagel,愛知県,136.994392,35.172499,1, #ドーナツ
2015-09-11,ミスタードーナツ mozoワンダーシティ　ショップ,愛知県,136.88412599999998,35.224961,1, #ドーナツ
2015-07-31,はらドーナッツ 川崎アゼリア店,神奈川県,139.69793900000002,35.530091,1, #ドーナツ
2015-07-27,HATTORI BAGEL,岡山県,133.91791700000002,34.669205999999996,1, #ドーナツ
2015-07-22,クリスピー・クリーム・ドーナツ Mercedes me Tokyo HANEDA,東京都,139.788679,35.551027,1, #ドーナツ
2015-07-14,ミスタードーナツ イオンモールとなみショップ,富山県,136.947214,36.641503,1, #ドーナツ
2015-07-01,ポコベーグルカフェ,東京都,139.75624299999998,35.661046999999996,1, #ドーナツ
2015-06-20,DOMINIQUE ANSEL BAKERY TOKYO,東京都,139.708628,35.666354,1, #ドーナツ
2015-06-11,クリスピー・クリーム・ドーナツ ゆめタウン廿日市店,広島県,132.33549299999999,34.345884,1, #ドーナツ
2015-06-11,ミスタードーナツ ゆめタウン廿日市ショップ,広島県,132.33549299999999,34.345884,1, #ドーナツ
2015-06-04,フロレスタ浜松さんじの店,静岡県,137.756271,34.695595,1, #ドーナツ
2015-05-20,フロレスタ小田急マルシェ多摩センター店,東京都,139.42450499999998,35.62502,1, #ドーナツ
2015-03-13,MORGAN COFFEE 星が丘店,愛知県,136.985011,35.16176300000001,1, #ドーナツ
2015-03-13,ミスタードーナツ 東神楽ショップ,北海道,142.40685399999998,43.723307,1, #ドーナツ
2014-11-20,はらドーナッツ イオンモール浜松市野店,静岡県,137.76308699999998,34.74003100000001,1, #ドーナツ
2014-03-12,ミスタードーナツ くずはモールショップ,大阪府,135.677415,34.85978899999998,1, #ドーナツ
2013-02-01,ドーナッツプラント イクスピアリ店,千葉県,35.794146,139.793837,1, #ドーナツ
2013-01-17,クリスピー・クリーム・ドーナツららぽーと豊洲店,東京都,35.654413,139.792464,1, #ドーナツ
2012-12-12,クリスピー・クリーム・ドーナツ新大阪駅店,大阪府,33.59311,130.398749,1, #ドーナツ
2012-12-01,ミスタードーナツ イオンモール札幌発寒ショップ,北海道,38.297932,140.827091,1, #ドーナツ
2012-11-21,クリスピー・クリーム・ドーナツアリオ鷲宮店,埼玉県,36.078777,139.661658,1, #ドーナツ
2012-11-18,クリスピー・クリーム・ドーナツ JR川崎駅構内店(催事店舗),神奈川県,36.521717,139.03334,1, #ドーナツ
2012-11-15,ミスタードーナツ イオン仙台中山ショップ,宮城県,35.699798,139.480399,1, #ドーナツ
2012-11-15,ミスタードーナツ 国分寺マルイショップ,東京都,35.50758,139.44463,1, #ドーナツ
2012-11-15,クリスピー・クリーム・ドーナツ イオンモール大日店,大阪府,34.728949,138.455511,1, #ドーナツ
2012-11-07,ミスタードーナツ 中央林間駅ビルショップ,神奈川県,34.614491,133.914585,1, #ドーナツ
2012-11-01,ミスタードーナツ 大手町フィナンシャルシティ店,東京都,35.68842,139.766017,1, #ドーナツ
2012-10-28,Canezees Cafe（ケンジーズカフェ）,福岡県,35.32056,139.469885,1, #ドーナツ
2012-10-26,ミスタードーナツ ハピータウン岡南ショップ,岡山県,34.728949,138.455511,1, #ドーナツ
2012-10-24,ミスタードーナツ サンリブもりつねショップ,福岡県,33.836932,130.875449,1, #ドーナツ
2012-10-09,ミスタードーナツ タイヨー永利ショップ,鹿児島県,34.18788,134.613561,1, #ドーナツ
2012-10-05,ミスタードーナツ パワーシティ鳴門ショップ,徳島県,134.611955,34.187011,1, #ドーナツ
2012-10-04,クリスピークリームドーナツ リバーウォーク北九州店,福岡県,35.683016,139.768417,1, #ドーナツ
2012-10-02,ミスタードーナツ フォレオ博多ショップ,福岡県,34.733632,135.430576,1, #ドーナツ
2012-10-02,クリスピークリームドーナツさんすて岡山店,岡山県,34.666076,133.916838,1, #ドーナツ
2012-09-11,フロレスタ福山ポートプラザ店,広島県,35.464375,139.620462,1, #ドーナツ
2012-08-14,ベーグル＆ベーグル JR大阪駅店,大阪府,35.70305,139.579548,1, #ドーナツ
2012-08-10,ミスタードーナツ 東武練馬 ショップ,東京都,34.976852,136.169322,1, #ドーナツ
2012-07-21,ミスタードーナツ アルプラザ水口 ショップ,滋賀県,35.450124,139.631567,1, #ドーナツ
2012-07-20,ミスタードーナツ 桜木町駅前 ショップ,神奈川県,34.852106,136.457806,1, #ドーナツ
2012-07-07,本輪菓京都本店,京都府,35.003994,135.767254,1, #ドーナツ
2012-07-04,ミスタードーナツ チトセピア ショップ,長崎県,26.190652,127.709823,1, #ドーナツ
2012-07-04,ミスタードーナツ サンエーつかざん ショップ,沖縄県,26.27465,127.72973,1, #ドーナツ
2012-06-12,はらドーナッツ+はらロール　エミオ所沢店,埼玉県,36.5626,136.362305,1, #ドーナツ
2012-06-06,イクミママのどうぶつドーナツ！,神奈川県,35.565467,139.650843,1, #ドーナツ
2012-04-21,ミスタードーナツイオンモール福津 ショップ,福岡県,33.751926,130.493267,1, #ドーナツ
2012-04-21,ミスタードーナツライフなんば ショップ,大阪府,35.622,140.189679,1, #ドーナツ
2012-04-21,ミスタードーナツラパーク千城台 ショップ　,千葉県,35.753343,139.709626,1, #ドーナツ
2012-04-01,MOSDO恵比寿店,東京都,35.674325,139.761304,1, #ドーナツ
2012-03-22,クリスピー・クリーム・ドーナツ 京橋京阪モール店,大阪府,35.734286,139.427469,1, #ドーナツ
2012-03-11,クリスピークリームドーナツ マリノアシティ福岡店,福岡県,34.235701,135.177562,1, #ドーナツ
2012-03-09,横浜ポルタ店（はらドーナッツとはらロールのコラボ店舗）,神奈川県,35.46514,139.623533,1, #ドーナツ
2012-03-06,蒸どーなつ和っ花JR大阪駅店,大阪府,34.70193,135.494943,1, #ドーナツ
2012-03-02,はらのキッチンプラス松坂屋名古屋店,愛知県,35.166727,136.907713,1, #ドーナツ
2012-03-01,クリスピークリームドーナツららぽーと横浜店,神奈川県,35.516553,139.566375,1, #ドーナツ
2012-02-21,ミスタードーナツ イオン日向ショップ,宮崎県,32.424665,131.651005,1, #ドーナツ
2012-02-20,フロレスタ清瀬店,東京都,36.5626,136.362305,1, #ドーナツ
2012-02-15,ミスタードーナツ 大安寺ショップ,岡山県,35.702867,139.577962,1, #ドーナツ
2012-02-13,どーなつ家,鹿児島県,43.052888,141.318627,1, #ドーナツ
2012-02-11,ミスタードーナツ盛岡フェザン店,岩手県,34.824602,137.374935,1, #ドーナツ
2012-02-08,フロレスタ麻布十番店,東京都,35.657057,139.732575,1, #ドーナツ
2012-01-28,ミスタードーナツ フレスポ八潮 ショップ　,埼玉県,35.726828,139.696496,1, #ドーナツ
2011-12-21,クリスピー・クリーム・ドーナツ　イオンモールナゴヤドーム前店,愛知県,35.46781,139.619976,1, #ドーナツ
2011-12-01,ミスタードーナツ銀座ナイン ショップ　,東京都,35.66833,139.759438,1, #ドーナツ
2011-11-26,フロレスタ四天王寺店,大阪府,34.007981,130.943052,1, #ドーナツ
2011-11-24,クリスピー・クリーム・ドーナツ アリオ倉敷店,岡山県,34.60393,133.764371,1, #ドーナツ
2011-11-13,フロレスタ ザ・モール周南店,山口県,34.704181,135.497615,1, #ドーナツ
2011-11-10,クリスピー・クリーム・ドーナツ テラスモール湘南店,神奈川県,35.337569,139.446115,1, #ドーナツ
2011-11-03,べーグル日和,東京都,35.400915,139.532569,1, #ドーナツ
2011-11-02,ミスタードーナツ阪急豊中店,大阪府,31.550434,130.5285,1, #ドーナツ
2011-10-30,ベーグル＆ベーグルアトレ上野店,東京都,35.686186,139.730197,1, #ドーナツ
2011-09-22,はらドーナッツとはらロール　エキュート赤羽店,東京都,35.371118,139.613303,1, #ドーナツ
2011-09-20,クリスピー・クリーム・ドーナツ ジャズドリーム長島店,三重県,35.542659,139.447385,1, #ドーナツ
2011-09-18,ドー･ドーナツ,栃木県,35.714645,139.686936,1, #ドーナツ
2011-09-17,フロレスタ鶴屋百貨店,熊本県,36.5626,136.362305,1, #ドーナツ
2011-09-15,はらドーナッツアトレ亀戸店,東京都,34.664629,134.969444,1, #ドーナツ
2011-09-15,nicoドーナツ 広尾店,東京都,35.016958,135.71218,1, #ドーナツ
2011-09-12,フロレスタ藤崎店,福岡県,36.5626,136.362305,1, #ドーナツ
2011-07-14,はらドーナッツ天神西通り店,福岡県,36.5626,136.362305,1, #ドーナツ
2011-07-01,にゃんこのしっぽ相模原店,神奈川県,35.483744,138.795383,1, #ドーナツ
2011-06-30,クリスピー・クリーム・ドーナツららぽーと甲子園店,兵庫県,34.682497,135.504715,1, #ドーナツ
2011-05-06,まるこばあちゃんのドーナツ屋ＪＲ岸辺店,大阪府,36.320528,139.011224,1, #ドーナツ
2011-04-26,ミスタードーナツ小田急ＯＸ経堂 ショップ,東京都,35.651505,139.635762,1, #ドーナツ
2011-04-25,クリスピー・クリーム・ドーナツ　あべのキューズモール店,大阪府,34.644683,135.511487,1, #ドーナツ
2011-04-21,クリスピー・クリーム・ドーナツ北千住ルミネ店,東京都,35.695009,139.813799,1, #ドーナツ
2011-03-29,ドーナッツプラントスマーク伊勢崎店,群馬県,35.692637,139.722185,1, #ドーナツ
2011-03-20,ミスタードーナツイオン伊丹昆陽 ショップ,兵庫県,34.785981,135.381946,1, #ドーナツ
2011-03-20,ミスタードーナツ具志川メインシティ ショップ,沖縄県,35.665438,138.565664,1, #ドーナツ
2011-03-20,ミスタードーナツ甲府エクラン ショップ,山梨県,33.197435,131.609945,1, #ドーナツ
2011-02-17,クリスピー・クリーム・ドーナツ　横浜駅西口 ザ・ダイヤモンド店,神奈川県,36.5626,136.362305,1, #ドーナツ
2011-02-16,ミスタードーナツアピタ稲沢 ショップ,愛知県,33.653861,130.811076,1, #ドーナツ
2010-12-12,nicoドーナツ麻布十番店,東京都,34.765534,135.244478,1, #ドーナツ
2010-11-23,ミスタードーナツ福山緑町ショップ,広島県,35.539684,136.905038,1, #ドーナツ
2010-11-19,ミスタードーナツオークワ美濃ショップ,岐阜県,31.86057,131.387753,1, #ドーナツ
2010-11-18,ミスタードーナツクロスモール清武 ショップ,宮崎県,35.848892,139.850249,1, #ドーナツ
2010-09-22,クリスピー・クリーム・ドーナツ四条烏丸店,京都府,35.0023,135.759687,1, #ドーナツ
2021-10-29,フロレスタ泉ヶ丘駅前店,大阪府,135.51009971567913,34.496768001619756,0, #ドーナツ
2021-10-17,JACK IN THE DONUTS イオン藤井寺店,大阪府,135.5908959156805,34.57431939748301,0, #ドーナツ
2021-09-29,ミスタードーナツ新宿小田急エースショップ,東京都,139.69640651569978,35.69024113708441,0, #ドーナツ
2021-06-02,ミスタードーナツ宇和島ショップ,愛媛県,132.5667403157891,33.23456698083635,0, #ドーナツ
2021-04-10,ドーナツ屋きんぞう,京都府,135.76920351295738,35.03019138035134,0, #ドーナツ
2021-02-18,ドーナッツプラント白金台店,東京都,139.72095597939517,35.63684864010966,0, #ドーナツ
2020-12-25,ミスタードーナツ阪急石橋ショップ,大阪府,135.4433024283335,34.80715252656469,0, #ドーナツ
2020-11-24,ミスタードーナツ小田急永山ショップ,東京都,139.44587441583604,35.630079480206255,0, #ドーナツ
2020-11-22,ミスタードーナツ福江ショップ,長崎県,128.81312782924078,32.6954539988123,0, #ドーナツ
2020-11-04,ミスタードーナツ セレオ甲府ショップ,山梨県,138.56670696583697,35.66689883019761,0, #ドーナツ
2020-10-28,はらドーナッツ自由が丘店,東京都,139.67038682926045,35.60845399876322,0, #ドーナツ
2020-10-27,ミスタードーナツ枚方長尾ショップ,大阪府,135.7013203129534,34.82568518040267,0, #ドーナツ
2020-10-24,クリスピー・クリーム・ドーナツ神戸元町店,兵庫県,135.18889730675247,34.688919167442954,0, #ドーナツ
2020-10-24,クリスピー・クリーム・ドーナツ イオンタウンユーカリが丘店,千葉県,140.15179162159617,35.72668099843957,0, #ドーナツ
2020-10-23,クリスピー・クリーム・ドーナツ 八王子オーパ店,東京都,139.33557068001207,35.65513398029742,0, #ドーナツ
2020-10-09,ミスタードーナツ 藤が丘東ショップ,愛知県,137.01984231582705,35.182730980313536,0, #ドーナツ
2020-08-22,ミスタードーナツ 朝霧ショップ,兵庫県,135.01739712925928,34.64444729877803,0, #ドーナツ
2020-08-14,ジャックイン・ザ・ワールド ドーナッツレイクタウン店,埼玉県,139.82247021584107,35.877477880149186,0, #ドーナツ
2020-07-24,ミスタードーナツ イズミヤ大久保ショップ,京都府,135.77624382925947,34.86828499877448,0, #ドーナツ
2020-06-28,ミスタードーナツ青葉台ショップ,神奈川県,139.5141153158344,35.543699980226585,0, #ドーナツ
2020-06-28,ミスタードーナツ 下中野ショップ,岡山県,133.90250040560198,34.636458080451064,0, #ドーナツ
2020-06-28,ミスタードーナツ 西条ショップ,愛媛県,133.1987690158025,33.93097838063914,0, #ドーナツ
2020-06-07,ミスタードーナツ イズミヤ松原ショップ,大阪府,135.56182497536273,34.57449898205759,0, #ドーナツ
2020-06-07,ミスタードーナツ 光が丘IMAショップ,東京都,139.62860874070182,35.7593809401293,0, #ドーナツ
2020-05-28,ミスタードーナツ いわき駅前ショップ,福島県,140.89237001299853,37.05702107989646,0, #ドーナツ
2020-05-25,たまごのがっこう,愛知県,137.426873715818,34.723437780428775,0, #ドーナツ
2020-05-24,ミスタードーナツ 長野駅前ショップ,長野県,138.18702220564253,36.644175979981114,0, #ドーナツ
2020-05-24,ミスタードーナツ 津ステーションショップ,三重県,136.51234551581823,34.735363530425566,0, #ドーナツ
2020-05-21,JACK IN THE DONUTS イオン新潟青山店,新潟県,139.00472461301632,37.896378279737604,0, #ドーナツ
2020-05-18,ミスタードーナツ イズミヤ 百舌鳥ショップ,大阪府,135.5008906056007,34.56164758047033,0, #ドーナツ
2020-05-18,ミスタードーナツイズミヤ多田ショップ,兵庫県,135.4149878158206,34.85867228039409,0, #ドーナツ
2020-05-14,ミスタードーナツ ベイドリーム清水ショップ,静岡県,138.49930911295652,34.98476288036254,0, #ドーナツ
2020-05-14,ミスタードーナツ 佐伯ショップ,大分県,131.90136441291725,32.944126980921986,0, #ドーナツ
2020-05-09,フロレスタ セルバテラス店,宮城県,140.88083472353205,38.32433174566297,0, #ドーナツ
2020-03-15,ミスタードーナツさんすて岡山ショップ,岡山県,133.91559661582664,34.66555758044354,0, #ドーナツ
2020-03-15,BAGEL&BAGELエキュート赤羽店,東京都,139.71900181584877,35.777377080171966,0, #ドーナツ
2020-03-15,ミスタードーナツ 水俣ショップ,熊本県,130.3994343157801,32.2102349811468,0, #ドーナツ
2020-03-14,アイフーズ 本社工場店,埼玉県,139.4709658292613,35.86299399875955,0, #ドーナツ
2020-03-07,ミスタードーナツ イズミヤ堅田ショップ,滋賀県,135.92016551583566,35.12603638032752,0, #ドーナツ
2020-02-29,ミスタードーナツ 沼津駅前ショップ,静岡県,138.85815729726636,35.10215147008053,0, #ドーナツ
2020-02-20,フロレスタJR 大久保駅前店,兵庫県,134.9391368292599,34.68273699877746,0, #ドーナツ
2020-02-18,ミスタードーナツ本荘ショップ,秋田県,140.05098847010984,39.39095732380175,0, #ドーナツ
2020-02-14,ミスタードーナツ十条駅前ショップ,東京都,139.72136570581918,35.76050778017585,0, #ドーナツ
2020-02-13,BAGEL&BAGEL青森ELM店,青森県,140.45456761954202,40.798267819616086,0, #ドーナツ
2020-02-11,はらドーナッツ+カフェ丸井ファミリー海老名店,神奈川県,139.39335002372567,35.45265588636713,0, #ドーナツ
2020-02-09,ミスタードーナツ池袋ショッピングパークショップ,東京都,139.71195841547313,35.73043239770645,0, #ドーナツ
2020-02-02,ミスタードーナツ 天王町ショップ,神奈川県,139.59920620581318,35.457733080246996,0, #ドーナツ
2020-01-27,ミスタードーナツ スーパーアークス菊水ショップ,北海道,141.37821233540356,43.053148735083745,0, #ドーナツ
2020-01-10,ミスタードーナツ 大分光吉ショップ,大分県,131.60636582925815,33.19952999880294,0, #ドーナツ
2020-01-03,ミスタードーナツ アルティショップ,岡山県,133.74378582781137,35.08021398033882,0, #ドーナツ
2019-12-31,ミスタードーナツ 荻窪ショップ,東京都,-1,-1,0, #ドーナツ
2019-12-27,ミスタードーナツ 塚口駅前ショップ,兵庫県,135.41455082925998,34.75351699877629,0, #ドーナツ
2019-12-27,ミスタードーナツ秋田南ショップ,秋田県,140.1092683904375,39.70425426475217,0, #ドーナツ
2019-12-26,ミスタードーナツ イズミヤ若江岩田ショップ,大阪府,135.6009435037533,34.661725758867405,0, #ドーナツ
2019-12-25,クリスピー・クリーム・ドーナツ アスナル金山店,愛知県,136.9009963620224,35.14411822573751,0, #ドーナツ
2019-11-10,ミスタードーナツ フジグラン山口ショップ,山口県,131.4358253287114,34.1376331684471,0, #ドーナツ
2019-11-03,フロレスタ高横須賀店,愛知県,136.8912303151976,35.012813980355524,0, #ドーナツ
2019-10-29,ミスタードーナツフォレストモール新前橋ショップ,群馬県,139.04425450677098,36.376497966786935,0, #ドーナツ
2019-10-06,はらドーナッツルミネ北千住店,東京都,139.8043610292613,35.74997529876117,0, #ドーナツ
2019-10-03,88ベーグル 南与野店,埼玉県,139.62770641315677,35.86834388015115,0, #ドーナツ
2019-10-03,88ベーグル 蕨店,埼玉県,139.6875191058206,35.82707968016054,0, #ドーナツ
2019-09-29,BAGEL&BAGEL City巣鴨店,東京都,139.7412092067703,35.731451967020476,0, #ドーナツ
2019-09-22,ミスタードーナツ盛岡フェザンショップ,岩手県,141.13548061412615,39.7027714659711,0, #ドーナツ
2019-09-10,ホームメイドドーナツ ルラーシュ,福島県,140.3703548292633,37.36960099873968,0, #ドーナツ
2019-09-03,ミスタードーナツ京橋ショップ,大阪府,135.53072001582726,34.69616048043582,0, #ドーナツ
2019-09-01,ミスタードーナツ 小田原ラスカショップ,神奈川県,139.15561482926057,35.25586799876851,0, #ドーナツ
2019-09-01,ミスタードーナツ イオン所沢 ショップ,埼玉県,139.4699632430344,35.78927187787485,0, #ドーナツ
2019-09-01,ミスタードーナツ 上福岡東ショップ,埼玉県,139.51831051331916,35.88038021816112,0, #ドーナツ
2019-08-30,BAGEL&BAGELペリエ海浜幕張店,千葉県,140.0415888292611,35.64822799876263,0, #ドーナツ
2019-08-23,ミスタードーナツサンリブ古賀ショップ,福岡県,130.46610341546858,33.734282997765625,0, #ドーナツ
2019-08-15,ミスタードーナツ中央林間駅ビルショップ,神奈川県,139.44433739567899,35.50741281622038,0, #ドーナツ
2019-08-08,ミスタードーナツ千里セルシーショップ,大阪府,135.4955174563937,34.80883360695053,0, #ドーナツ
2019-07-27,ミスタードーナツ 国立大学通りショップ,東京都,139.44690340676186,35.69764916703709,0, #ドーナツ
2019-07-04,ミスタードーナツ竹の塚ショップ,東京都,139.79381082926125,35.794346998760496,0, #ドーナツ
2019-07-01,ミスタードーナツ 三国ケ丘ショップ,大阪府,135.4932348973392,34.56525293978789,0, #ドーナツ
2019-07-01,ミスタードーナツ福島西口ショップ,福島県,140.45676872940155,37.75392281530708,0, #ドーナツ
2019-06-24,ミスタードーナツ みなとみらいステーションコアショップ,神奈川県,139.6333360602292,35.45694846485293,0, #ドーナツ
2019-06-11,ミスタードーナツ アピタ大和郡山ショップ,奈良県,135.76707236582604,34.641874780449506,0, #ドーナツ
2019-06-05,ミスタードーナツベイシア滑川ショップ,埼玉県,139.36755225789273,36.05947507016136,0, #ドーナツ
2019-05-14,BAGEL&BAGEL ウィング川崎店,神奈川県,139.70032831408975,35.53218246725092,0, #ドーナツ
2019-05-07,BAGEL & BAGEL City  沼津店,静岡県,138.85865547099695,35.107454355871795,0, #ドーナツ
2019-05-03,ミスタードーナツ 松本ショップ,長野県,137.96819082926177,36.23193299875436,0, #ドーナツ
2019-04-15,ミスタードーナツ JR高松ショップ,香川県,134.04623382925945,34.351189998782864,0, #ドーナツ
2019-04-09,フロレスタ堺店,大阪府,135.4968609067548,34.529605067517764,0, #ドーナツ
2019-04-09,ミスタードーナツ 伊万里ショップ,佐賀県,129.86665782925817,33.27748099880147,0, #ドーナツ
2019-04-03,ミスタードーナツ ショッパーズプラザ横須賀ショップ,神奈川県,139.6617667638967,35.28321470379238,0, #ドーナツ
2019-04-01,ミスタードーナツ 三次サングリーンショップ,広島県,132.8590975140809,34.80426326754845,0, #ドーナツ
2019-04-01,ミスタードーナツ 丸亀ショップ,香川県,133.78783182925943,34.260668998784396,0, #ドーナツ
2019-04-01,ミスタードーナツ イオンタウン天理ショップ,奈良県,135.82431182871562,34.59069656825105,0, #ドーナツ
2019-03-25,ミスタードーナツ 十三西口ショップ,大阪府,135.48060782925995,34.719538998776876,0, #ドーナツ
2019-03-23,フロレスタ新潟万代シティ店,新潟県,139.05530371410137,37.91630016643655,0, #ドーナツ
2019-03-09,ジュノエスクベーグルショップ 博多阪急店,福岡県,130.42043619548605,33.59032492893787,0, #ドーナツ
2019-03-06,ミスタードーナツ 岩国ショップ,山口県,132.2237567873295,34.17181684417605,0, #ドーナツ
2019-03-03,ミスタードーナツ 今津リプルショップ,滋賀県,136.03595591584124,35.40510148025957,0, #ドーナツ
2019-02-25,サザンメイドカフェ太田店,群馬県,139.37981827941215,36.26695340533141,0, #ドーナツ
2019-02-25,ミスタードーナツ アルプラザ栗東ショップ,滋賀県,135.9814479140832,35.036601067453155,0, #ドーナツ
2019-02-18,クリスピー・クリーム・ドーナツ ピエリ守山店,滋賀県,135.9447225065186,35.122614855916176,0, #ドーナツ
2019-02-18,ミスタードーナツ 堺東 ショップ,大阪府,135.48370280675465,34.5751423674938,0, #ドーナツ
2019-02-16,クリスピー・クリーム・ドーナツ ルクア大阪店,大阪府,135.4928073158272,34.70311428043394,0, #ドーナツ
2019-02-16,Arnoldsアーノルド 吉祥寺店 ‏,東京都,139.57687010676213,35.704860967027045,0, #ドーナツ
2019-02-10,ミスタードーナツ JR西国分寺 ショップ,東京都,139.46544291409685,35.69981376718955,0, #ドーナツ
2019-02-08,ミスタードーナツ長岡駅前ショップ,新潟県,138.85231954451604,37.44781655946428,0, #ドーナツ
2019-02-08,ミスタードーナツ アピタ松阪三雲ショップ,三重県,136.51825111582548,34.60418208045945,0, #ドーナツ
2019-02-06,ミスタードーナツ 今津リプルショップ,滋賀県,136.03595591584124,35.40510148025957,0, #ドーナツ
2019-02-01,ミスタードーナツ 湘南シティショップ,神奈川県,139.3578794140913,35.32889396734071,0, #ドーナツ
2019-02-01,ミスタードーナツ グリーンシティ高橋ショップ,愛知県,137.18220391583512,35.08775608033699,0, #ドーナツ
2019-02-01,ミスタードーナツ 吉塚パピヨンショップ,福岡県,130.42061221407977,33.602228868085994,0, #ドーナツ
2019-01-27,ミスタードーナツ 勝田ショップ,茨城県,140.54191001408756,36.395442766933755,0, #ドーナツ
2019-01-27,ミスタードーナツ アルプラザ宇治東ショップ,京都府,135.8005034158312,34.90214208038332,0, #ドーナツ
2019-01-26,ミスタードーナツイオンモール京都五条ショップ,京都府,135.7261499578895,34.99736177053801,0, #ドーナツ
2019-01-25,ミスタードーナツ サンキュー出水ショップ,鹿児島県,130.34521925863626,32.102423700247485,0, #ドーナツ
2019-01-20,ミスタードーナツ MV伊豆下田ショップ,静岡県,138.94326782871735,34.68195651821521,0, #ドーナツ
2019-01-20,ミスタードーナツ上野ショップ,東京都,139.77354201408815,35.7093237671812,0, #ドーナツ
2019-01-19,ミスタードーナツ イオン金沢ショップ,石川県,136.67919831586568,36.617314979986766,0, #ドーナツ
2019-01-19,ミスタードーナツ イオンタウン塩釜ショップ,宮城県,141.02398792874345,38.31863686695764,0, #ドーナツ
2019-01-19,ミスタードーナツ サンキュー小林ショップ,宮崎県,130.99631919154416,31.98158173044572,0, #ドーナツ
2019-01-16,クリスピー・クリーム・ドーナツ なんばCITY本館北店,大阪府,135.50147301408882,34.66366046761116,0, #ドーナツ
2019-01-14,ミスタードーナツ北浦和ショップ,埼玉県,139.64409482926135,35.87132799875942,0, #ドーナツ
2019-01-12,BAGEL & BAGEL なんばパークス店,大阪府,135.49961071582646,34.66179128044436,0, #ドーナツ
2019-01-11,ミスタードーナツ 大野ヴィオショップ,福井県,136.4787530634515,35.973685419173385,0, #ドーナツ
2019-01-09,ミスタードーナツ アリオ亀有ショップ,東京都,139.852482554557,35.76385550090613,0, #ドーナツ
2019-01-08,ミスタードーナツアルプラザ香里園ショップ,大阪府,135.62309090383764,34.783125673256144,0, #ドーナツ
2019-01-06,ミスタードーナツららぽーと柏の葉ショップ,千葉県,139.94885455123554,35.89367312580063,0, #ドーナツ
2019-01-04,ミスタードーナツ和歌山岩出ショップ,和歌山県,135.31055956426167,34.26033036830184,0, #ドーナツ
2018-12-30,ミスタードーナツ 河辺とうきゅうショップ,東京都,139.285150488147,35.78502308668116,0, #ドーナツ
2018-12-30,ミスタードーナツイオン小樽ショップ,北海道,141.02202980580697,43.18441475602895,0, #ドーナツ
2018-12-29,ミスタードーナツ 天文館千日ショップ,鹿児島県,130.55415697105892,31.590023669045994,0, #ドーナツ
2018-12-28,ミスタードーナツ イオン成田ショップ,千葉県,140.31771525556692,35.79567621293324,0, #ドーナツ
2018-12-27,クリスピー・クリーム・ドーナツ アリオ八尾店,大阪府,135.60363807998465,34.632840680547694,0, #ドーナツ
2018-12-27,クリスピー・クリーム・ドーナツ アリオ亀有店,東京都,139.8497333800107,35.76464718027203,0, #ドーナツ
2018-12-18,ミスタードーナツ イオンモール東浦ショップ,愛知県,-1,-1,0, #ドーナツ
2018-12-17,ミスタードーナツ榛原駅前ショップ,奈良県,135.9544238383092,34.52949780863276,0, #ドーナツ
2018-12-01,ジュノエスクベーグルショップ 伊勢丹新宿,東京都,139.7043477786177,35.69163756507666,0, #ドーナツ
2018-12-01,ミスタードーナツ タイヨー花棚ショップ,鹿児島県,130.56844162008883,31.653789259460552,0, #ドーナツ
2018-12-01,ミスタードーナツ 帯広稲田ショップ,北海道,143.20037899311265,42.89081146623026,0, #ドーナツ
2018-12-01,ミスタードーナツ 針中野ショップ,大阪府,136.90661977108317,35.161668467345855,0, #ドーナツ
2018-11-23,ミスタードーナツ アピタ戸塚ショップ,神奈川県,139.5372695011809,35.399047718608834,0, #ドーナツ
2018-11-18,ジュノエスクベーグルショップ 阪急うめだ店,大阪府,135.4968191152726,34.70345480318657,0, #ドーナツ
2018-11-12,BAGEL&BAGEL阪急三番街店,大阪府,135.4972469406977,34.70500269057558,0, #ドーナツ
2018-11-11,ミスタードーナツ 柏崎ショップ,新潟県,138.55612127843483,37.36096506670744,0, #ドーナツ
2018-10-31,ミスタードーナツ アピタ飛騨高山ショップ,岐阜県,137.22196149423004,36.20411569173891,0, #ドーナツ
2018-10-28,ミスタードーナツ オークワ美濃ショップ,岐阜県,136.90270607906518,35.53096944848561,0, #ドーナツ
2018-10-26,ミスタードーナツ 筑紫野原田ショップ,福岡県,130.54047828446895,33.4493192184859,0, #ドーナツ
2018-10-24,ミスタードーナツ 浜松鍛冶町ショップ,静岡県,137.73041027829942,34.70618097768769,0, #ドーナツ
2018-10-23,FRUTICOフルティコ田神店,岐阜県,136.77340842141194,35.41164873568386,0, #ドーナツ
2018-10-14,ミスタードーナツ 青物横丁ショップ,東京都,139.7426864783224,35.61025842857639,0, #ドーナツ
2018-10-04,御菓子司 川岡,北海道,142.34424689301136,44.484732193325556,0, #ドーナツ
2018-10-04,クリスピー・クリーム・ドーナツ アミュプラザ鹿児島店,鹿児島県,130.54139013783345,31.58391444746738,0, #ドーナツ
2018-09-24,ミスタードーナツ鶴見西口ショップ,神奈川県,139.67472487840791,35.508900867364694,0, #ドーナツ
2018-09-19,ミスタードーナツ 天理ショップ,奈良県,135.83141627844836,34.599788067731346,0, #ドーナツ
2018-09-13,フロレスタ 広島八丁堀店,広島県,132.46259321403167,34.39243006772423,0, #ドーナツ
2018-09-02,ミスタードーナツ 小田部ショップ,福岡県,130.32761981382706,33.56795853790522,0, #ドーナツ
2018-09-02,ミスタードーナツ エコール・いずみショップ,大阪府,135.45409100849494,34.45987716775102,0, #ドーナツ
2018-09-01,ミスタードーナツ アピタ小牧ショップ,愛知県,136.91052917982964,35.289723259047165,0, #ドーナツ
2018-09-01,ミスタードーナツ イオン八街ショップ,千葉県,140.31125628044774,35.680629201112616,0, #ドーナツ
2018-09-01,ミスタードーナツ 札幌新発寒ショップ,北海道,-1,-1,0, #ドーナツ
2018-08-23,クリスピー・クリーム・ドーナツ アミュプラザおおいた店,大分県,131.60382247980704,33.233359867977214,0, #ドーナツ
2018-08-23,クリスピー・クリーム・ドーナツ ダイバーシティ東京プラザ店,東京都,35.623344,139.777111,0, #ドーナツ
2018-08-23,クリスピー・クリーム・ドーナツ JR川崎駅構内店,神奈川県,139.6963965032739,35.53120677179148,0, #ドーナツ
2018-08-22,ミスタードーナツ 氷上ショップ,兵庫県,135.04367801127495,35.150766135231336,0, #ドーナツ
2018-08-16,ミスタードーナツ 大井川ショップ,静岡県,138.27338117827918,34.810003772101105,0, #ドーナツ
2018-08-14,ミスタードーナツ 福井鯖江ショップ,福井県,136.1752307284775,35.95205231026281,0, #ドーナツ
2018-08-14,ミスタードーナツ イオンタウン周南ショップ,山口県,131.757196101027,34.06817348542154,0, #ドーナツ
2018-08-14,ミスタードーナツ 鳥取駅前ショップ,鳥取県,134.22662780651797,35.49485433465823,0, #ドーナツ
2018-08-07,クリスピー・クリーム・ドーナツイオンモール大日店,大阪府,135.5792656211568,34.74870378824897,0, #ドーナツ
2018-08-03,ミスタードーナツ 麻生ショップ,北海道,141.3383358929601,43.10762968262602,0, #ドーナツ
2018-08-02,ミスタードーナツ 練馬ショップ,東京都,139.65417036968302,35.73715263460704,0, #ドーナツ
2018-07-29,ミスタードーナツ 合志ショップ,熊本県,130.7801201769707,32.868682686705874,0, #ドーナツ
2018-07-27,はらドーナッツ 長野店,長野県,138.18825969907726,36.64381621044225,0, #ドーナツ
2018-07-27,ミスタードーナツ 三ツ境ライフショップ,神奈川県,139.50098427985162,35.467933249344085,0, #ドーナツ
2018-07-22,ミスタードーナツ 南松山ショップ,愛媛県,132.76541837698915,33.82141403740053,0, #ドーナツ
2018-07-22,ミスタードーナツ イオン東雲ショップ,東京都,139.80016217985536,35.64912423943601,0, #ドーナツ
2018-07-11,はらドーナッツ新百合ヶ丘店,神奈川県,-1,-1,0, #ドーナツ
2018-06-24,ミスタードーナツ 加賀作見ショップ,石川県,136.35653357032493,36.31877462933337,0, #ドーナツ
2018-06-17,ミスタードーナツ 宮原駅前ショップ,埼玉県,-1,-1,0, #ドーナツ
2018-06-11,ミスタードーナツ JR別府ショップ,大分県,131.49981981603446,33.27970451904435,0, #ドーナツ
2018-06-09,ミスタードーナツ ゆめタウン廿日市ショップ,広島県,132.33331877982886,34.346190209724476,0, #ドーナツ
2018-05-26,ミスタードーナツ ベイシア東金ショップ,千葉県,140.38163682766893,35.57975298021811,0, #ドーナツ
2018-05-19,ミスタードーナツ佐鳴台ショップ,静岡県,137.70010211298165,34.70030198043465,0, #ドーナツ
2018-05-17,ミスタードーナツ 豊橋駅前ショップ,愛知県,137.38641682765112,34.76437488041819,0, #ドーナツ
2018-05-14,ミスタードーナツ志摩鵜方ショップ,三重県,136.80959931565073,34.32651598053217,0, #ドーナツ
2018-05-13,ミスタードーナツ 札幌北41条ショップ,北海道,141.3557873114004,43.11134608809124,0, #ドーナツ
2018-05-11,ミスタードーナツ 向ヶ丘遊園ショップ,神奈川県,139.56472960951476,35.61669596613349,0, #ドーナツ
2018-05-05,ミスタードーナツ倉吉ショップ,鳥取県,133.84588610566388,35.450446980248756,0, #ドーナツ
2018-05-03,ミスタードーナツ青森駅ビルラビナショップ,青森県,140.7333849277921,40.82734337931958,0, #ドーナツ
2018-04-17,クリスピー・クリーム・ドーナツサカエチカ店,愛知県,136.9064447625962,35.16919576189279,0, #ドーナツ
2018-04-15,ミスタードーナツ 秩父ショップ,埼玉県,139.08482671286933,35.98916928012374,0, #ドーナツ
2018-04-15,ミスタードーナツ 日野ショップ,東京都,139.3943579128625,35.67928668019482,0, #ドーナツ
2018-04-13,ミスタードーナツ イオン相模原ショップ,神奈川県,139.41459281567745,35.553663480224124,0, #ドーナツ
2018-04-06,ミスタードーナツ アピタ木曽川ショップ,愛知県,136.7884146156728,35.344744180274155,0, #ドーナツ
2018-04-03,ミスタードーナツ アピタ千代田橋ショップ,愛知県,136.96868972753975,35.186800880312596,0, #ドーナツ
2018-03-30,ミスタードーナツ イオンモール和歌山ショップ,和歌山県,135.1484528534474,34.275709767344374,0, #ドーナツ
2018-03-25,ミスタードーナツ 常盤平ショップ,千葉県,139.95084861264323,35.802957280166154,0, #ドーナツ
2018-03-23,ミスタードーナツ サンパーク辰口ショップ,石川県,-1,-1,0, #ドーナツ
2018-03-17,クリスピー・クリーム・ドーナツ ルミネ大宮 LUMINE 1店,埼玉県,139.62162661566572,35.90611768014232,0, #ドーナツ
2018-03-13,ミスタードーナツ 武蔵小杉東急スクエアショップ,神奈川県,139.6573896154124,35.57568104336045,0, #ドーナツ
2018-03-10,ミスタードーナツ 栄ショップ,愛知県,136.9045912769538,35.16782038041351,0, #ドーナツ
2018-03-09,ミスタードーナツ 秦野駅前ショップ,神奈川県,139.22542319170574,35.37022695466913,0, #ドーナツ
2018-03-09,ミスタードーナツ 湯本南ショップ,福島県,140.85688456828404,36.98654642651281,0, #ドーナツ
2018-03-06,クリスピー・クリーム・ドーナツ マークイズ静岡店,静岡県,138.408185915151,34.98375097130418,0, #ドーナツ
2018-03-06,クリスピー・クリーム・ドーナツ アスティ静岡,静岡県,138.38801236180825,34.97118525013118,0, #ドーナツ
2018-03-05,ミスタードーナツ 水沢アテルイショップ,岩手県,141.1549934772421,39.147775779633,0, #ドーナツ
2018-02-28,ミスタードーナツ 折尾駅前ショップ,福岡県,130.7105171156195,33.863243135112846,0, #ドーナツ
2018-02-28,ミスタードーナツ 前橋荒牧ショップ,群馬県,139.02250162388387,36.42433745082103,0, #ドーナツ
2018-02-25,ミスタードーナツ 所沢駅西口ショップ,埼玉県,139.47238282923504,35.786347086669146,0, #ドーナツ
2018-02-12,ミスタードーナツ 福山駅ショップ,広島県,133.35942751547452,34.48906810203038,0, #ドーナツ
2018-02-12,ミスタードーナツ 小田急相模原ショップ,神奈川県,139.42027271549478,35.514626546697826,0, #ドーナツ
2018-02-12,フロレスタ小田急マルシェ多摩センター店,東京都,139.42175071549687,35.62482824067013,0, #ドーナツ
2018-02-11,ミスタードーナツ大通公園ショップ,北海道,141.35165831566135,43.061309898519205,0, #ドーナツ
2018-02-10,ミスタードーナツ 港南台バーズショップ,神奈川県,139.57529721549187,35.37493245431608,0, #ドーナツ
2018-02-07,ミスタードーナツ 高円寺ショップ,東京都,139.6471978154985,35.70564443623969,0, #ドーナツ
2018-02-03,ミスタードーナツ 津田沼ショップ,千葉県,140.0203519154982,35.6900547370949,0, #ドーナツ
2018-02-03,ミスタードーナツ 桑名ショップ,三重県,136.68279141548592,35.067464670993814,0, #ドーナツ
2018-01-31,ミスタードーナツ 桐生相生ショップ,群馬県,139.28768831551284,36.415757196944476,0, #ドーナツ
2018-01-28,ミスタードーナツ ウエストコート姪浜ショップ,福岡県,130.32051451546587,33.58186754981763,0, #ドーナツ
2018-01-26,ミスタードーナツ 二俣川ショップ,神奈川県,139.53122841550197,35.46092574962959,0, #ドーナツ
2018-01-24,BAGEL & BAGELルミネ荻窪店,東京都,139.61861075678266,35.70464163629454,0, #ドーナツ
2018-01-20,クリスピー・クリーム・ドーナツ シャポー市川店,千葉県,139.90606591550733,35.72885223496584,0, #ドーナツ
2018-01-16,ミスタードーナツ 福岡中洲ショップ,福岡県,130.4050778148913,33.59346994921275,0, #ドーナツ
2018-01-07,ミスタードーナツ イオンタウンユーカリが丘ショップ,千葉県,140.14830401550722,35.72645953509714,0, #ドーナツ
2018-01-07,ミスタードーナツ ダイエー宝塚中山ショップ,兵庫県,135.36727591272196,34.81702018448672,0, #ドーナツ
2018-01-07,ミスタードーナツ 名張夏見橋ショップ,三重県,136.10388781548548,34.62060389501091,0, #ドーナツ
2017-12-31,クリスピー・クリーム・ドーナツ　モレラ岐阜店,岐阜県,136.67145801550183,35.455436249929,0, #ドーナツ
2017-12-31,クリスピー・クリーム・ドーナツ テラスモール湘南店,神奈川県,139.4440655154996,35.33787765633263,0, #ドーナツ
2017-12-30,ミスタードーナツ下館ショップ,茨城県,139.98454061551877,36.3018032032943,0, #ドーナツ
2017-12-27,ミスタードーナツ 淀屋橋ショップ,大阪府,135.50016811539888,34.691895091196976,0, #ドーナツ
2017-12-25,フロレスタ 会津若松店,福島県,139.94866051554342,37.500685035653966,0, #ドーナツ
2017-12-20,ミスタードーナツ 西友水口ショップ,滋賀県,136.1654517154922,34.96511067651814,0, #ドーナツ
2017-12-10,ミスタードーナツ 江坂南ショップ,大阪府,135.49606481548824,34.75776358766711,0, #ドーナツ
2017-12-04,ミスタードーナツ 大宮ショップ,埼玉県,139.62618761551084,35.907504425136054,0, #ドーナツ
2017-12-03,ミスタードーナツ バロー恵那ショップ,岐阜県,137.41030882730027,35.45198525011727,0, #ドーナツ
2017-12-02,フロレスタ倉敷店,岡山県,133.7538795798761,34.58108328056114,0, #ドーナツ
2017-11-20,ミスタードーナツ バロー各務原中央ショップ,岐阜県,136.86067037984134,35.40986885251017,0, #ドーナツ
2017-11-14,ミスタードーナツ 赤穂ショップ,兵庫県,134.39887507993762,34.75602138051619,0, #ドーナツ
2017-11-08,ミスタードーナツ エスタ和田山ショップ,兵庫県,134.86145277995107,35.32952018037431,0, #ドーナツ
2017-11-02,ミスタードーナツ 博多1番街ショップ,福岡県,130.4190727799108,33.590610380828394,0, #ドーナツ
2017-10-29,ミスタードーナツ 柴田ショップ,愛知県,136.9085196799452,35.07556198043618,0, #ドーナツ
2017-10-22,ミスタードーナツ ダイエー武蔵村山ショップ,東京都,139.3766400799607,35.73586768027862,0, #ドーナツ
2017-10-21,ミスタードーナツ バロー多治見南ショップ,岐阜県,137.1308161799509,35.3153652803778,0, #ドーナツ
2017-10-20,ミスタードーナツ御器所ショップ,愛知県,136.93213397994688,35.14936528041809,0, #ドーナツ
2017-10-13,ミスタードーナツ とりせん栃木ショップ,栃木県,139.71683411536875,36.38675849856233,0, #ドーナツ
2017-09-30,ミスタードーナツ JR山科駅前ショップ,京都府,135.817381277256,34.992272380456974,0, #ドーナツ
2017-09-30,ミスタードーナツ 関目ショップ,大阪府,135.54411017993664,34.71507658052663,0, #ドーナツ
2017-09-18,ミスタードーナツ 練馬春日町ショップ,東京都,139.6461812799612,35.75595358027403,0, #ドーナツ
2017-09-15,ミスタードーナツ 田無駅前ショップ,東京都,139.53740607996048,35.72747068028055,0, #ドーナツ
2017-09-15,ミスタードーナツ 大泉学園ショップ,東京都,139.58436767996105,35.75049318027521,0, #ドーナツ
2017-09-10,ミスタードーナツ東武浅草ショップ,東京都,139.79538827996015,35.711868580284126,0, #ドーナツ
2017-09-10,ドーナッツプラント用賀店,東京都,139.63172347995814,35.626430080304054,0, #ドーナツ
2017-09-02,macanon マカノン,東京都,139.70651421496032,35.66914743824251,0, #ドーナツ
2017-08-30,ミスタードーナツ 羽咋ショップ,石川県,136.7949936156143,36.89444697992919,0, #ドーナツ
2017-08-19,ミスタードーナツ アピタ中津川ショップ,岐阜県,137.50561681536354,35.498158047597734,0, #ドーナツ
2017-08-17,ミスタードーナツ 岡谷ショップ,長野県,138.05067631537622,36.065286416420385,0, #ドーナツ
2017-08-14,ミスタードーナツ 富岡ショップ,群馬県,138.8883545153804,36.264571505365645,0, #ドーナツ
2017-08-14,ミスタードーナツ イオン一関ショップ,岩手県,141.11131501544156,38.936642652234795,0, #ドーナツ
2017-08-04,ミスタードーナツ古川駅前ショップ,宮城県,140.96263861543295,38.572303073645855,0, #ドーナツ
2017-07-22,ドーナッツプラント ルミネエスト新宿店,東京都,139.59264101536206,35.41591155208412,0, #ドーナツ
2017-07-20,ミスタードーナツ センター北駅前ショップ,神奈川県,139.57604091536484,35.55379804455749,0, #ドーナツ
2017-07-18,ミスタードーナツ 成田駅前ショップ  ,千葉県,140.31272741536978,35.77822183225375,0, #ドーナツ
2017-07-14,ミスタードーナツ コクーン新都心ショップ,埼玉県,139.6339013153724,35.89487912583224,0, #ドーナツ
2017-07-09,クリスピー・クリーム・ドーナツ東急プラザ蒲田店,東京都,139.71312741536522,35.56208004410449,0, #ドーナツ
2017-07-08,ミスタードーナツ 能代ショップ,秋田県,140.05111801554108,40.18305337774168,0, #ドーナツ
2017-07-05,ミスタードーナツ 白岡駅前ショップ,埼玉県,139.66437631544895,36.01737501907028,0, #ドーナツ
2017-07-04,ミスタードーナツ 仙台中央通りショップ,宮城県,140.87444381573917,38.26150607967381,0, #ドーナツ
2017-07-03,ミスタードーナツ 潟上ショップ,秋田県,140.08152278007393,39.90352397952867,0, #ドーナツ
2017-06-17,ミスタードーナツ アピタ豊田元町ショップ,愛知県,137.1289606799676,35.06229798043949,0, #ドーナツ
2017-06-14,ミスタードーナツ 三条ショップ,新潟県,138.95802011559317,37.63033017978593,0, #ドーナツ
2017-06-13,ミスタードーナツ味生ショップ,愛媛県,132.72701127977638,33.838484736506075,0, #ドーナツ
2017-06-03,ミスタードーナツ イオン益田ショップ,島根県,131.84065651537992,34.683376191653316,0, #ドーナツ
2017-06-02,ミスタードーナツ 熱田六番南ショップ,愛知県,136.8846829155458,35.118985280329326,0, #ドーナツ
2017-05-29,カムデンズ ブルー スター ドーナツ代官山,東京都,139.7027386157401,35.65016048020148,0, #ドーナツ
2017-05-29,カムデンズ ブルー スター ドーナツ 新宿,東京都,139.69711131574073,35.68920718019251,0, #ドーナツ
2017-05-29,カムデンズ ブルー スター ドーナツ 横浜,神奈川県,139.63980991573587,35.45479788024769,0, #ドーナツ
2017-05-28,ミスタードーナツ イオン甲子園,兵庫県,135.35966051532594,34.723711880428624,0, #ドーナツ
2017-05-28,JACK IN THE DONUTS モザイクモール港北店,愛知県,136.88594442923343,35.170380598769825,0, #ドーナツ
2017-05-27,ミスタードーナツ 呉羽ショップ,富山県,137.17157027987406,36.70901968006548,0, #ドーナツ
2017-05-27,ミスタードーナツ 草薙アピアショップ,静岡県,138.43151077983072,35.00039068045481,0, #ドーナツ
2017-05-24,ポン・デ・ライオンパーク by ミスタードーナツ 東京ソラマチショップ,東京都,139.80985181541558,35.710115480187504,0, #ドーナツ
2017-05-16,ミスタードーナツ 布施ショップ,大阪府,135.56391057984808,34.66422848053966,0, #ドーナツ
2017-05-15,ミスタードーナツ 大和ショップ,神奈川県,139.45995547986797,35.47142248034056,0, #ドーナツ
2017-05-11,ミスタードーナツ 石和ショップ,山梨県,138.62110917991149,35.64388158029997,0, #ドーナツ
2017-05-05,ミスタードーナツ 伏見ショップ,京都府,135.76081941547662,34.94597578037222,0, #ドーナツ
2017-05-04,ミスタードーナツ 緑井天満屋ショップ,広島県,132.47593961546528,34.466968080495185,0, #ドーナツ
2017-05-04,ミスタードーナツ 日田ショップ,大分県,130.93650851543833,33.3159692808127,0, #ドーナツ
2017-05-04,ミスタードーナツ JR高槻ステーションショップ,大阪府,135.61563591547446,34.852006180395975,0, #ドーナツ
2017-05-01,ミスタードーナツ 杉戸ショップ,埼玉県,139.72884121537624,36.029840580114474,0, #ドーナツ
2017-04-30,ミスタードーナツ富山東ショップ,富山県,137.23408961536646,36.67780487997395,0, #ドーナツ
2017-04-08,ミスタードーナツ アルパーク天満屋ショップ,広島県,132.39068707977285,34.37235570833524,0, #ドーナツ
2017-04-08,ミスタードーナツ 北14条光星ショップ,北海道,141.36107077034762,43.07983507824954,0, #ドーナツ
2017-03-19,ミスタードーナツ鈴鹿ハンターショップ,三重県,136.54314847976343,34.873776780486494,0, #ドーナツ
2017-03-18,BAGEL&BAGELジャズドリーム長島店,三重県,136.72362567976728,35.029430580447574,0, #ドーナツ
2017-03-17,BAGEL & BAGEL 静岡アスティ店,静岡県,138.38628147976578,34.971296180461934,0, #ドーナツ
2017-03-10,ミスタードーナツ 町田北口ショップ,東京都,139.44320047978061,35.5448326803232,0, #ドーナツ
2017-03-10,ミスタードーナツ 大和橿原ショップ,奈良県,135.7910039797534,34.482982680586495,0, #ドーナツ
2017-03-10,ミスタードーナツ 滝川ショップ,北海道,141.90295608000838,43.55665217922694,0, #ドーナツ
2017-03-08,LE BEIGNET みのおキューズモール店,大阪府,135.48905347976236,34.83245728049682,0, #ドーナツ
2017-03-07,ミスタードーナツ原町田ショップ,東京都,139.44608571534715,35.54148938022717,0, #ドーナツ
2017-03-03,ミスタードーナツ 久留米上津ショップ,福岡県,130.5218555152898,33.28748678082078,0, #ドーナツ
2017-03-01,JACK IN THE DONUTSイオンモール旭川駅前店,北海道,142.35794099999998,43.764176,0, #ドーナツ
2017-02-24,ミスタードーナツ イオン戸畑ショップ,福岡県,130.81766631530488,33.8959075806488,0, #ドーナツ
2017-02-24,ミスタードーナツ イオン野田ショップ,千葉県,139.8736898153578,35.94760398013308,0, #ドーナツ
2017-02-12,ミスタードーナツ 西新井ショップ,東京都,139.7886806153533,35.777810780171905,0, #ドーナツ
2017-02-12,BAGEL&BAGEL 流山おおたかの森店,千葉県,139.92175421535578,35.87018528015073,0, #ドーナツ
2017-02-10,ミスタードーナツ フジグラン今治FCショップ,愛媛県,133.01257721530902,34.06136918060344,0, #ドーナツ
2017-02-09,サザンメイドドーナツ 清須店,愛知県,136.85319102922935,35.2292278987689,0, #ドーナツ
2017-02-09,ミスタードーナツ 水戸R50千波ショップ,茨城県,140.43874671536844,36.350582180043766,0, #ドーナツ
2017-02-01,ミスタードーナツ グラード伊集院ショップ,鹿児島県,130.39617767968394,31.630381681424762,0, #ドーナツ
2017-02-01,ミスタードーナツ 加須ショップ,埼玉県,139.6077640797959,36.12631178019036,0, #ドーナツ
2017-02-01,ミスタードーナツ ユニバース盛岡南ショップ,岩手県,141.1459322798929,39.66146667956064,0, #ドーナツ
2017-02-01,ミスタードーナツ 阿南ショップ,徳島県,-1,-1,0, #ドーナツ
2017-01-28,BAGEL&BAGEL 神保町店,東京都,139.75690867978452,35.696174780287855,0, #ドーナツ
2017-01-22,ミスタードーナツ京王多摩センターショップ,東京都,139.4240917797826,35.62318638030481,0, #ドーナツ
2017-01-17,ミスタードーナツわらびショップ,埼玉県,139.69003177978794,35.827700680257635,0, #ドーナツ
2017-01-13,ミスタードーナツ 本陣駅前ショップ,愛知県,136.86385177977104,35.176417980411536,0, #ドーナツ
2017-01-13,ミスタードーナツ 山口井筒屋ショップ,山口県,131.47636077974573,34.17791838066718,0, #ドーナツ
2017-01-13,ミスタードーナツ カインズモール千葉ニュータウンショップ,千葉県,140.1247353797873,35.80481918026278,0, #ドーナツ
2017-01-05,ミスタードーナツ浜松エキマチショップ,静岡県,137.7322700797591,34.70418248052936,0, #ドーナツ
2017-01-04,ミスタードーナツ淡路町ワテラスショップ,東京都,139.76593927978453,35.69767678028738,0, #ドーナツ
2017-01-01,ミスタードーナツ 余市ショップ,北海道,140.79366977999706,43.18459457924225,0, #ドーナツ
2016-12-29,ミスタードーナツ 江津グリーンモールショップ,島根県,132.21621407972168,35.00981518045241,0, #ドーナツ
2016-12-29,ミスタードーナツ カインズ八日市場ショップ,千葉県,140.55395477974005,35.70176988028648,0, #ドーナツ
2016-12-24,まるなかベーグル 鵠沼海岸店,神奈川県,139.46955237951903,35.31928355744111,0, #ドーナツ
2016-12-17,ミスタードーナツ 大井松田ショップ,神奈川県,139.13993671495143,35.336765556394184,0, #ドーナツ
2016-12-16,ミスタードーナツ成瀬ショップ,東京都,139.47238637939247,35.535468945656994,0, #ドーナツ
2016-12-16,クリスピー・クリーム・ドーナツ 新宿サザンテラス店,東京都,139.69856877939654,35.687006037360156,0, #ドーナツ
2016-12-02,こばらベーグル,栃木県,139.46764137953843,36.334755180144775,0, #ドーナツ
2016-11-22,ミスタードーナツ イトーヨーカドー能見台ショップ,神奈川県,139.6250856793878,35.35854885530554,0, #ドーナツ
2016-11-10,ミスタードーナツ宜野湾ショップ,沖縄県,127.76740227932629,26.27011389386242,0, #ドーナツ
2016-11-10,はらドーナッツ 阪急梅田店,大阪府,135.49638497950406,34.7027206907138,0, #ドーナツ
2016-10-31,ミスタードーナツ梅田阪急三番街ショップ,大阪府,135.49570951493502,34.70607389043878,0, #ドーナツ
2016-10-29,ミスタードーナツ盛岡駅前ショップ,岩手県,141.1357494150743,39.7018955067265,0, #ドーナツ
2016-10-27,ミスタードーナツ天神橋ショップ,大阪府,135.50916601493498,34.7030212906022,0, #ドーナツ
2016-10-14,ミスタードーナツ ラパーク千城台ショップ,千葉県,140.18645551512884,35.623173040761515,0, #ドーナツ
2016-09-27,JACK IN THE DONUTS イオン鎌ヶ谷店,千葉県,139.99879557957897,35.77858203233143,0, #ドーナツ
2016-09-22,ミスタードーナツららぽーと新三郷ショップ,埼玉県,139.8651274151635,35.85878788015319,0, #ドーナツ
2016-09-17,ミスタードーナツイオンモール下妻ショップ,茨城県,139.9877504794838,36.190109309600395,0, #ドーナツ
2016-09-17,ミスタードーナツイオン五條ショップ,奈良県,135.69989197943724,34.353262109349856,0, #ドーナツ
2016-09-17,ミスタードーナツ 館林ショップ,群馬県,139.56717517948508,36.242149406710176,0, #ドーナツ
2016-09-16,ミスタードーナツ鴨宮ショップ,神奈川県,139.17661101524186,35.27978218028975,0, #ドーナツ
2016-09-12,ミスタードーナツ旭川東光ショップ,北海道,142.3847896153878,43.74897117911825,0, #ドーナツ
2016-09-11,ミスタードーナツ柿生ショップ,神奈川県,139.49611521512904,35.58958488021584,0, #ドーナツ
2016-09-10,ミスタードーナツ桃太郎大通りショップ,岡山県,133.91914017954457,34.66594038053928,0, #ドーナツ
2016-09-09,ミスタードーナツ仙台吉成ショップ,宮城県,140.81990897960725,38.293024690045584,0, #ドーナツ
2016-09-02,ドーナッツプラント青山一丁目店,東京都,139.7218633150805,35.672811238041554,0, #ドーナツ
2016-09-01,ミスタードーナツ 西友平塚 ショップ,神奈川県,139.34031717968992,35.35156668036902,0, #ドーナツ
2016-08-26,はらドーナッツ イオンモール浜松市野店,静岡県,137.76099711510116,34.740265788606145,0, #ドーナツ
2016-08-26,ミスタードーナツ イオンモール幕張新都心ショップ,千葉県,140.02359261512353,35.657518238879796,0, #ドーナツ
2016-08-26,ミスタードーナツゆめタウン吉田ショップ,広島県,132.69935851509956,34.66834869245821,0, #ドーナツ
2016-08-26,ミスタードーナツ北仙台駅前ショップ,宮城県,140.86863271234938,38.28134729062552,0, #ドーナツ
2016-08-25,ミスタードーナツ福井駅前ショップ,福井県,136.2188936151335,36.06208541659776,0, #ドーナツ
2016-08-24,ミスタードーナツ アピタ名古屋北ショップ,愛知県,136.92045055076835,35.20968428021022,0, #ドーナツ
2016-08-24,ミスタードーナツアピタ新守山ショップ,愛知県,136.94656325076824,35.20492468021145,0, #ドーナツ
2016-08-24,ミスタードーナツ仙台南ショップ,宮城県,140.87638325085393,38.17985127958811,0, #ドーナツ
2016-08-20,BAGEL&BAGEL中部国際空港店,愛知県,136.8128890151041,34.859152682223325,0, #ドーナツ
2016-08-19,ミスタードーナツ厚別サンピアザショップ,北海道,141.47020631532448,43.037775600025036,0, #ドーナツ
2016-07-26,ミスタードーナツ 金沢神谷内ショップ,石川県,136.67825567958144,36.599440286772676,0, #ドーナツ
2016-07-23,BAGEL&BAGELルミネ北千住店,東京都,139.80276967956038,35.74995833390433,0, #ドーナツ
2016-07-16,ミスタードーナツ洲本ショップ,兵庫県,134.83967767952615,34.33271941044018,0, #ドーナツ
2016-07-06,ミスタードーナツ 伊丹ショップ,兵庫県,135.41303877670614,34.78147938649141,0, #ドーナツ
2016-07-05,ミスタードーナツ 上磯ショップ,北海道,140.691430679722,41.820459977100256,0, #ドーナツ
2016-07-02,コパドーナツ越後湯沢店,新潟県,138.80759667958986,36.935341267879046,0, #ドーナツ
2016-07-02,ミスタードーナツイトーヨーカドー安城ショップ,愛知県,137.0811876795416,34.98515537553432,0, #ドーナツ
2016-06-25,ミスタードーナツ 南海堺ショップ,大阪府,135.4677306795321,34.58195939717203,0, #ドーナツ
2016-06-23,ミスタードーナツ 南陽ショップ,山形県,140.15254867961852,38.04423420448297,0, #ドーナツ
2016-06-17,ミスタードーナツ フレイン竹田ショップ,大分県,131.3733996794945,32.95607948223442,0, #ドーナツ
2016-06-17,ミスタードーナツ 新庄ショップ,山形県,140.30838367963722,38.75685316292151,0, #ドーナツ
2016-06-09,ミスタードーナツイオンタウンユーカリが丘店,千葉県,140.14869067974635,35.72631598028085,0, #ドーナツ
2016-06-09,ミスタードーナツJR諫早ショップ,長崎県,130.03944467949205,32.851701487574296,0, #ドーナツ
2016-06-08,クリスピー・クリーム・ドーナツ アリオ倉敷店,岡山県,133.76201467953257,34.60318739603817,0, #ドーナツ
2016-06-08,クリスピー・クリーム・ドーナツ 横浜みなとみらい店,神奈川県,139.6322557135814,35.45563115599665,0, #ドーナツ
2016-06-05,ミスタードーナツ亀山エコー ショップ　　,三重県,136.45508067953858,34.8523543826849,0, #ドーナツ
2016-05-31,ミスタードーナツ ゆめタウン長府ショップ,山口県,131.01027767951913,34.03030542642839,0, #ドーナツ
2016-05-31,ミスタードーナツ グルメシティ嵯峨ショップ,京都府,135.68039967954257,35.021011373599606,0, #ドーナツ
2016-05-31,ミスタードーナツ信州中野ショップ,長野県,138.36277867958495,36.74470927861934,0, #ドーナツ
2016-05-22,ミスタードーナツ グルメシティ嵯峨ショップ,京都府,135.68035067951178,35.02086337360775,0, #ドーナツ
2016-05-22,ミスタードーナツ豊川ショップ,愛知県,137.4069426795071,34.83286438373226,0, #ドーナツ
2016-05-22,ミスタードーナツ藤岡ショップ,群馬県,139.0850846795424,36.25576530595332,0, #ドーナツ
2016-05-22,ミスタードーナツ 古河駅前ショップ,茨城県,139.7064266795407,36.194997309328855,0, #ドーナツ
2016-05-22,ミスタードーナツ鶴岡駅前ショップ,山形県,139.8334696796073,38.738563163996155,0, #ドーナツ
2016-05-19,ミスタードーナツ岡山伊島ショップ,岡山県,133.90793267950338,34.68097439187816,0, #ドーナツ
2016-05-18,ミスタードーナツ 東大宮駅前ショップ,埼玉県,139.6387806795346,35.94911532293862,0, #ドーナツ
2016-05-18,ミスタードーナツ サンパークあじすショップ,山口県,131.34950667948743,34.00948942752454,0, #ドーナツ
2016-05-08,ミスタードーナツ 山形七日町ショップ,山形県,140.33588167959422,38.25171919244794,0, #ドーナツ
2016-05-06,ミスタードーナツ 豊中ロマンチック街道ショップ,大阪府,135.46925467950643,34.80330638531991,0, #ドーナツ
2016-05-06,ミスタードーナツ 犬山扶桑ショップ,愛知県,136.91851767952008,35.36519935494332,0, #ドーナツ
2016-05-02,ミスタードーナツ 取手駅前ショップ,茨城県,140.06060667953335,35.897070325809146,0, #ドーナツ
2016-05-01,ミスタードーナツ 横浜関内ショップ,神奈川県,139.63265167952218,35.44563735056092,0, #ドーナツ
2016-04-30,ミスタードーナツ 立石ショップ,東京都,139.84742167952945,35.73764933458046,0, #ドーナツ
2016-04-20,ミスタードーナツ桜木町駅前ショップ,神奈川県,139.63001367954075,35.45041835030021,0, #ドーナツ
2016-04-17,ミスタードーナツ 安城南ショップ,愛知県,137.07360667952878,34.95610637710036,0, #ドーナツ
2016-04-16,ミスタードーナツ下関山の田ショップ,山口県,130.92431767964146,33.98405498071948,0, #ドーナツ
2016-04-05,ミスタードーナツ鎌倉ショップ,神奈川県,139.5488886796829,35.31779098037721,0, #ドーナツ
2016-04-05,ミスタードーナツ オーシティ田辺ショップ,和歌山県,135.38696067964102,33.72936498078946,0, #ドーナツ
2016-03-31,ミスタードーナツ イオン東海ショップ,茨城県,140.56454767960167,36.46337829438449,0, #ドーナツ
2016-03-31,ミスタードーナツ イオンタウン館山ショップ,千葉県,139.85983367956644,35.00689137436159,0, #ドーナツ
2016-03-31,ミスタードーナツ 臼井駅前ショップ,千葉県,140.17943567958378,35.729930335004134,0, #ドーナツ
2016-03-31,ミスタードーナツ アトラス萩ショップ,山口県,131.40309567955225,34.40700740649396,0, #ドーナツ
2016-03-31,ミスタードーナツ 寺田町ショップ,大阪府,135.5230966795579,34.64733039367844,0, #ドーナツ
2016-03-31,ミスタードーナツ MrMax町田多摩境ショップ,東京都,139.3474296795807,35.60621434178692,0, #ドーナツ
2016-03-26,ミスタードーナツ 大倉山ショップ,神奈川県,139.62845867957859,35.52141234642481,0, #ドーナツ
2016-03-17,クリスピー・クリーム・ドーナツ アトレ亀戸店,東京都,139.82426067982215,35.69778398028747,0, #ドーナツ
2016-03-13,クリスピー・クリーム・ドーナツ アトレ大森店,東京都,139.72631467974273,35.58868798031289,0, #ドーナツ
2016-03-11,ミスタードーナツ 亀戸サンストリートショップ,東京都,139.82670067958284,35.69589033687254,0, #ドーナツ
2016-03-06,ミスタードーナツ 安謝 ショップ,沖縄県,127.6889046793528,26.240057795120553,0, #ドーナツ
2016-03-06,クリスピー・クリーム・ドーナツ 玉川髙島屋S・C本館店,東京都,139.6246186795509,35.61440234133868,0, #ドーナツ
2016-03-04,ミスタードーナツ泉中央ショップ,宮城県,140.88265267961992,38.32181818836961,0, #ドーナツ
2016-03-01,ミスタードーナツ ニシムタ人吉ショップ,熊本県,130.7352086795029,32.21801051967673,0, #ドーナツ
2016-03-01,ミスタードーナツ イオン品川シーサイドショップ,東京都,139.74696367958074,35.61024834156621,0, #ドーナツ
2016-03-01,クリスピー・クリーム・ドーナツ アミュプラザ小倉店,福岡県,130.87984667954018,33.88662943398166,0, #ドーナツ
2016-03-01,クリスピー・クリーム・ドーナツ リバーウォーク北九州店,福岡県,130.87335467954028,33.88583243402352,0, #ドーナツ
2016-03-01,クリスピー・クリーム・ドーナツ ディラ阿佐ヶ谷店,東京都,139.63430567958306,35.70498633637349,0, #ドーナツ
2016-03-01,クリスピー・クリーム・ドーナツ ららぽーと磐田店,静岡県,137.8390346795603,34.75011938817356,0, #ドーナツ
2016-02-28,ミスタードーナツ 箕面牧落ショップ,大阪府,135.47031067956192,34.8221493843078,0, #ドーナツ
2016-02-21,クリスピー・クリーム・ドーナツ 新静岡セノバ店,静岡県,138.38535031525169,34.975669980364906,0, #ドーナツ
2016-02-19,ミスタードーナツ 浜町ショップ,長崎県,129.87812531521777,32.74332698098223,0, #ドーナツ
2016-02-16,ミスタードーナツ ゆめモール柳川ショップ,福岡県,130.42200331522847,33.161511980857675,0, #ドーナツ
2016-02-16,クリスピー・クリーム・ドーナツ 神田小川町店,東京都,139.76234331529454,35.69465598019113,0, #ドーナツ
2016-02-07,はらドーナッツ パセオ札幌店,北海道,141.35066217999346,43.06929487924796,0, #ドーナツ
2016-02-05,ミスタードーナツ 西新ショップ,福岡県,130.35740567967318,33.58302398083039,0, #ドーナツ
2016-02-02,クリスピー・クリーム・ドーナツ 四条烏丸店,京都府,135.75751267971,35.003633980454,0, #ドーナツ
2016-02-02,クリスピー・クリーム・ドーナツ ゆめタウン廿日市店,広島県,132.33325567969283,34.345820980622406,0, #ドーナツ
2016-02-02,クリスピー・クリーム・ドーナツ 広島アルパーク店,広島県,132.39115867969352,34.37549498061465,0, #ドーナツ
2016-02-02,ミスタードーナツ 姫路みゆき通りショップ,兵庫県,134.69082167970546,34.83273998049684,0, #ドーナツ
2016-01-28,ミスタードーナツ 森町バイパスショップ,大分県,131.67794067955512,33.219175468709594,0, #ドーナツ
2016-01-28,ミスタードーナツ 伊勢原駅前ショップ,神奈川県,139.31161367960485,35.3952603533064,0, #ドーナツ
2016-01-25,クリスピー・クリーム・ドーナツ マリノアシティ福岡店,福岡県,130.3205626795925,33.594410449259314,0, #ドーナツ
2016-01-25,クリスピー・クリーム・ドーナツ天神地下街店,福岡県,130.39779667959235,33.58882844954998,0, #ドーナツ
2016-01-25,クリスピー・クリーム・ドーナツアミュプラザ博多店,福岡県,130.41780967959258,33.59056644945942,0, #ドーナツ
2016-01-25,クリスピー・クリーム・ドーナツ さんすて岡山店,岡山県,133.91624067961655,34.66599939267949,0, #ドーナツ
2016-01-25,クリスピー・クリーム・ドーナツ なんばCITY店,大阪府,135.49916767961662,34.66345439281567,0, #ドーナツ
2016-01-20,ミスタードーナツ 宮古ショップ,沖縄県,125.30038831499026,24.793278854052826,0, #ドーナツ
2015-11-30,ミスタードーナツ 豊田２４８ショップ,愛知県,137.15795731533498,35.07816598033931,0, #ドーナツ
2015-11-30,ミスタードーナツ 竜ヶ崎ショップ,茨城県,140.2028223153575,35.93431498013599,0, #ドーナツ
2015-11-30,ミスタードーナツ 相模原駅前ショップ,神奈川県,139.36885731534818,35.580147980218015,0, #ドーナツ
2015-11-30,ミスタードーナツ 徳島アミコ ショップ,徳島県,134.5477023153092,34.073361980600275,0, #ドーナツ
2015-11-30,ミスタードーナツ イオンタウン刈谷ショップ,愛知県,137.02529331533387,35.03877698034909,0, #ドーナツ
2015-11-29,フロレスタ アップルタウン美里店,宮城県,141.0514493154288,38.55192497962545,0, #ドーナツ
2015-11-26,ミスタードーナツ狛江駅前ショップ,東京都,139.57519831534958,35.632294980205785,0, #ドーナツ
2015-11-10,ミスタードーナツ 三鷹南口ショップ,東京都,139.55898667964613,35.70035633662732,0, #ドーナツ
2015-10-31,ミスタードーナツ 松山市駅前ショップ,愛媛県,132.75926731516557,33.83651498066514,0, #ドーナツ
2015-10-31,ミスタードーナツ ＪＲ奈良駅前ショップ,奈良県,135.81837631518832,34.681096980439555,0, #ドーナツ
2015-10-31,ミスタードーナツ 佐世保ショップ,長崎県,129.72085331514796,33.16931798085537,0, #ドーナツ
2015-10-31,ミスタードーナツ 篠崎駅前ショップ,東京都,139.9024923152167,35.705493980188685,0, #ドーナツ
2015-10-28,ミスタードーナツ いずみ中央駅前ショップ,神奈川県,139.48471431520858,35.4154649802571,0, #ドーナツ
2015-10-25,ミスタードーナツ トレッサ横浜ショップ,神奈川県,139.64380831521157,35.52422198023113,0, #ドーナツ
2015-10-25,ミスタードーナツ イオン大宮ショップ,埼玉県,139.60756231522268,35.923365980138506,0, #ドーナツ
2015-10-20,ミスタードーナツ 海老名 ショップ,神奈川県,139.39072631520955,35.45120798024854,0, #ドーナツ
2015-10-12,ミスタードーナツ 上永谷ショップ,神奈川県,139.56896731511682,35.40018598026068,0, #ドーナツ
2015-09-30,ミスタードーナツ 上板橋ショップ,東京都,139.67733099999998,35.763895,0, #ドーナツ
2015-09-27,ミスタードーナツ あすみが丘ショップ,千葉県,140.267676,35.52047699999999,0, #ドーナツ
2015-09-23,ミスタードーナツ 交野ショップ,大阪府,135.67453899999998,34.785686,0, #ドーナツ
2015-09-13,「イクミママのどうぶつドーナツ！」自由が丘店,東京都,139.669031,35.608245,0, #ドーナツ
2015-09-10,といのドーナツ,福岡県,130.81652499999998,33.657333,0, #ドーナツ
2015-09-08,ジュノエスクベーグルショップ 池袋西武店,東京都,139.711741,35.728675,0, #ドーナツ
2015-08-31,ミスタードーナツ 小山駅西口ショップ,栃木県,139.80497499999998,36.312532,0, #ドーナツ
2015-08-31,ミスタードーナツ 藤が丘ショップ,愛知県,137.02160999999998,35.182854,0, #ドーナツ
2015-08-23,BAGEL&BAGELエキュート大宮店,埼玉県,139.623884,35.906081,0, #ドーナツ
2015-08-23,ミスタードーナツ 岩見沢ダイエーショップ,北海道,141.753446,43.189463999999994,0, #ドーナツ
2015-08-16,とべーぐる クルン高岡地下街店,富山県,137.015461,36.741201,0, #ドーナツ
2015-08-01,ヒカリドーナツ,大阪府,135.526759,34.645956999999996,0, #ドーナツ
2015-07-31,ミスタードーナツ R24橿原北 ショップ,奈良県,135.79680299999998,34.529292,0, #ドーナツ
2015-07-31,ミスタードーナツ 横浜ポルタ ショップ,神奈川県,139.623587,35.46550699999999,0, #ドーナツ
2015-07-15,はらドーナッツ横浜ジョイナス店,神奈川県,139.620296,35.4643,0, #ドーナツ
2015-06-30,ミスタードーナツ 西廻りバイパス ショップ,熊本県,130.672774,32.77717200000001,0, #ドーナツ
2015-06-30,ミスタードーナツ 八日市ショップ,滋賀県,136.201589,35.11358999999999,0, #ドーナツ
2015-06-14,はらドーナッツ イオンモール羽生店,埼玉県,139.54207,36.142813000000004,0, #ドーナツ
2015-06-14,FUNNY DONUT,徳島県,134.551865,34.07005499999999,0, #ドーナツ
2015-06-09,ミスタードーナツ綾瀬駅前ショップ,東京都,139.82652,35.762817,0, #ドーナツ
2015-05-31,クリスピー・クリーム・ドーナツボーノ相模大野店,神奈川県,139.43513,35.53113299999999,0, #ドーナツ
2015-05-31,ミスタードーナツ和泉府中ショップ　,大阪府,135.421935,34.486155,0, #ドーナツ
2015-05-31,フロレスタJR高松駅店,香川県,134.046845,34.350773000000004,0, #ドーナツ
2015-05-19,ミスタードーナツ 池下 ショップ,愛知県,136.945708,35.168254999999995,0, #ドーナツ
2015-05-17,サザンメイドドーナツ イオンモール木曽川店,愛知県,136.773607,35.349072,0, #ドーナツ
2015-05-11,ミスタードーナツ 高針 ショップ,愛知県,137.019227,35.161862,0, #ドーナツ
2015-05-10,ミスタードーナツ サンキュー西志布志 ショップ,鹿児島県,131.08727199999998,31.470000000000002,0, #ドーナツ
2015-05-10,ミスタードーナツ 稲毛海岸駅前 ショップ,千葉県,140.074636,35.62908,0, #ドーナツ
2015-03-29,ミスタードーナツ 京成千葉中央ショップ,none,140.119645,35.607295000000015,0, #ドーナツ
2015-03-24,ミスタードーナツ 相馬ショップ,福島県,140.932066,37.787341999999995,0, #ドーナツ
2015-03-24,ミスタードーナツ カタクラモールショップ,長野県,137.97921,36.234314,0, #ドーナツ
2015-02-24,ミスタードーナツ横浜白楽ショップ,神奈川県,139.62657600000003,35.488029,0, #ドーナツ
2015-02-14,クリスピー・クリーム・ドーナツ 越谷イオンレイクタウン店,埼玉県,139.82459599999999,35.8778,0, #ドーナツ
2014-11-04,ミスタードーナツ パワーシティ鳴門ショップ,徳島県,134.611955,34.187011,0, #ドーナツ
2013-01-31,ミスタードーナツららぽーと横浜ショップ,神奈川県,35.516216,139.566756,0, #ドーナツ
2013-01-31,ドーナッツプラント海老名サービスエリア（下り線）店,神奈川県,35.979728,139.749504,0, #ドーナツ
2013-01-31,nicoドーナツ広尾店,東京都,35.118618,136.754142,0, #ドーナツ
2013-01-25,ドーナッツプラントヨドバシAKIBA店,東京都,35.57947,139.660689,0, #ドーナツ
2013-01-15,ベーグル＆ベーグル 相模大野店,神奈川県,36.521717,139.03334,0, #ドーナツ
2013-01-10,ミスタードーナツ イオン市川妙典ショップ,千葉県,35.225753,136.992195,0, #ドーナツ
2013-01-07,BAGEL & BAGEL 岡山駅店,岡山県,34.669111,133.919456,0, #ドーナツ
2013-01-06,BAGEL & BAGEL　六本木ヒルズ店,東京都,35.661541,139.729491,0, #ドーナツ
2013-01-04,ミスタードーナツ 各務原ショップ,岐阜県,35.398655,136.847406,0, #ドーナツ
2012-12-23,フロレスタ神戸垂水店,兵庫県,36.521717,139.03334,0, #ドーナツ
2012-12-18,ミスタードーナツ郡元ショップ,鹿児島県,36.521717,139.03334,0, #ドーナツ
2012-12-02,ミスタードーナツ 王子駅前ショップ,東京都,35.754971,139.739313,0, #ドーナツ
2012-11-30,ミスタードーナツ　西新パレス　ショップ,福岡県,33.588769,130.425547,0, #ドーナツ
2012-11-27,ミスタードーナツ小倉魚町ショップ,福岡県,31.628098,131.351938,0, #ドーナツ
2012-11-19,ミスタードーナツ ロード13貝塚 ショップ,大阪府,35.530223,139.697371,0, #ドーナツ
2012-11-18,momen 吉祥寺店,東京都,35.706708,139.583702,0, #ドーナツ
2012-11-17,ミスタードーナツ　高前バイパスショップ,群馬県,34.427939,132.718191,0, #ドーナツ
2012-11-11,ミスタードーナツ 江坂芳野町ショップ,大阪府,43.064307,141.363281,0, #ドーナツ
2012-11-11,ミスタードーナツ 大須ショップ,愛知県,35.159149,136.905382,0, #ドーナツ
2012-11-05,ベーグル＆ベーグル 熊本鶴屋店,熊本県,35.607719,139.66743,0, #ドーナツ
2012-10-31,ミスタードーナツ 三郷ショップ,愛知県,35.215144,137.0473,0, #ドーナツ
2012-10-31,ミスタードーナツ 熊谷銀座ショップ,埼玉県,34.716482,135.396667,0, #ドーナツ
2012-10-30,ベーグル京都 櫂,京都府,34.794951,136.015481,0, #ドーナツ
2012-10-21,コハナベーグル (COHANA BAGEL),大阪府,35.765205,139.722533,0, #ドーナツ
2012-10-15,モスド 京都河原町通りショップ,京都府,41.76415,140.714307,0, #ドーナツ
2012-10-15,クリスピー・クリーム・ドーナツ池袋東武店,東京都,35.532683,139.700298,0, #ドーナツ
2012-10-14,ドーナッツプラント自由が丘店,東京都,35.604636,139.661431,0, #ドーナツ
2012-09-30,Ring Ring Ring！ホワイティ梅田店,大阪府,34.794951,136.015481,0, #ドーナツ
2012-09-12,ミスタードーナツJR西国分寺ショップ,東京都,139.4656600920355,35.699769864492644,0, #ドーナツ
2012-09-08,マラサダ カフェ,大阪府,37.911952,139.065425,0, #ドーナツ
2012-08-31,ジュノエスクベーグル ルミネ立川店,東京都,33.94724,130.92315,0, #ドーナツ
2012-08-30,ミスタードーナツ本庄駅前ショップ,埼玉県,36.237234,139.187325,0, #ドーナツ
2012-08-30,ミスタードーナツくずはショップ,大阪府,34.860387,135.676593,0, #ドーナツ
2012-08-29,ジュノエスクべーグルショップラゾーナ川崎店,神奈川県,35.70268,139.769786,0, #ドーナツ
2012-08-19,ドーナッツプラント京都ヨドバシ店,京都府,34.987834,135.7587,0, #ドーナツ
2012-08-18,ミスタードーナツ アピタ一宮ショップ,愛知県,35.560924,140.178251,0, #ドーナツ
2012-07-31,ドーナッツプラント東京銘品館南口店,東京都,35.630941,139.65072,0, #ドーナツ
2012-07-30,ミスタードーナツ岐南ショップ,岐阜県,35.391366,136.784505,0, #ドーナツ
2012-07-30,フロレスタハッピーロード大山店,東京都,34.832546,135.724239,0, #ドーナツ
2012-07-30,フロレスタ新小岩店,東京都,35.714453,139.860999,0, #ドーナツ
2012-07-29,ジュノエスクベーグルショップ イクスピアリ店,千葉県,35.702122,139.580629,0, #ドーナツ
2012-07-25,ベーグル＆ベーグル アトレ吉祥寺店,東京都,35.670598,139.707352,0, #ドーナツ
2012-07-23,CARIBOU DOUGHNUTS,沖縄県,26.382707,127.748114,0, #ドーナツ
2012-06-30,ミスタードーナツ西鉄柳川ショップ,福岡県,36.5626,136.362305,0, #ドーナツ
2012-06-23,とうふたなか,大阪府,35.705271,139.543035,0, #ドーナツ
2012-06-17,ミスタードーナツ 代田橋駅前ショップ,東京都,35.670972,139.658410,0, #ドーナツ
2012-06-05,和っ花 心斎橋筋店,大阪府,35.804291,139.718652,0, #ドーナツ
2012-06-01,フロレスタ川崎元住吉店,神奈川県,43.063475,141.36117,0, #ドーナツ
2012-05-15,ミスタードーナツ新大宮ショップ,奈良県,36.5626,136.362305,0, #ドーナツ
2012-05-01,ミスタードーナツ八王子みなみ野ショップ,東京都,35.732188,139.76734,0, #ドーナツ
2012-04-30,ミスタードーナツ 広本町ショップ,広島県,34.232783,132.622576,0, #ドーナツ
2012-04-20,ミスタードーナツ 米沢ショップ,山形県,37.912602,140.111138,0, #ドーナツ
2012-04-15,COCO DONUT （COCO ドーナツ）,東京都,36.5626,136.362305,0, #ドーナツ
2012-04-01,まるこばあちゃんのドーナツ屋 阪急正雀駅前店,大阪府,33.586588,130.400379,0, #ドーナツ
2012-04-01,ミスタードーナツ　京成八千代台駅前ショップ,千葉県,40.890987,140.862202,0, #ドーナツ
2012-03-31,ジュノエスクベーグルショップDila 西荻窪店,東京都,35.692498,139.699566,0, #ドーナツ
2012-03-31,クリスピー・クリーム・ドーナツ　ベルビー赤坂店,東京都,35.810383,139.674382,0, #ドーナツ
2012-03-30,ミスタードーナツ 聖蹟桜ケ丘ショップ,東京都,36.5626,136.362305,0, #ドーナツ
2012-03-22,ミスタードーナツJR尼崎ショップ,兵庫県,35.575311,139.641488,0, #ドーナツ
2012-03-21,ミスタードーナツイオン長岡 ショップ　,新潟県,35.509972,139.470743,0, #ドーナツ
2012-02-11,レストアの森,京都府,35.008787,135.765840,0, #ドーナツ
2012-02-09,はらドーナッツ岡山店,岡山県,36.5626,136.362305,0, #ドーナツ
2012-02-09,はらドーナッツ名古屋藤が丘店,愛知県,35.180263,137.023373,0, #ドーナツ
2012-01-28,ミスタードーナツららぽーと ショップ,千葉県,35.464583,139.616866,0, #ドーナツ
2012-01-27,Chambers道頓堀店,大阪府,35.038922,135.976474,0, #ドーナツ
2012-01-18,ドーナッツプラントスマーク伊勢崎店,群馬県,35.692637,139.722185,0, #ドーナツ
2012-01-14,クリスピー・クリーム・ドーナツ恵比寿ガーデンプレイス,東京都,36.5626,136.362305,0, #ドーナツ
2011-12-26,カフェ アンドナンドなんば千日前ショップ,大阪府,35.030339,135.731589,0, #ドーナツ
2011-12-25,ベーグル＆ ベーグル　アトレ四谷店,東京都,35.689754,139.700511,0, #ドーナツ
2011-12-24,カフェ アンドナンド横浜西口ショップ,神奈川県,35.602628,139.365424,0, #ドーナツ
2011-12-23,フロレスタ恵庭店,北海道,35.700449,139.770846,0, #ドーナツ
2011-12-12,カフェ アンドナンド神谷町ショップ,東京都,35.663792,139.745322,0, #ドーナツ
2011-11-26,カフェ アンドナンド札幌ポールタウンショップ,北海道,43.056819,141.353957,0, #ドーナツ
2011-11-15,ミスタードーナツ北千住ショップ,東京都,35.750976,139.801475,0, #ドーナツ
2011-11-02,ミスタードーナツ津久野駅前 ショップ,大阪府,34.541715,135.469280,0, #ドーナツ
2011-10-31,フロレスタ三宿池尻店,東京都,35.152355,138.693204,0, #ドーナツ
2011-10-04,ベーグル & ベーグル　シャポー本八幡店,千葉県,36.5626,136.362305,0, #ドーナツ
2011-10-02,フロレスタビオルネ枚方店,大阪府,36.5626,136.362305,0, #ドーナツ
2011-09-26,ベーグル＆ベーグル 本厚木ミロード店,神奈川県,35.62471,139.424006,0, #ドーナツ
2011-09-26,ベーグル＆ベーグル 小田急マルシェ多摩センター店,東京都,34.498917,135.428864,0, #ドーナツ
2011-09-19,ドーナッツプラント富山店,富山県,36.5626,136.362305,0, #ドーナツ
2011-09-12,ベーグル＆ベーグル 東京国際フォーラム店,東京都,35.700622,139.7703,0, #ドーナツ
2011-08-31,ミスタードーナツ 岡山西口ショップ,岡山県,34.730856,137.42506,0, #ドーナツ
2011-08-29,フロレスタ倉敷店,岡山県,35.716597,139.859455,0, #ドーナツ
2011-08-24,SALLY CINNAMON,兵庫県,35.709379,139.774388,0, #ドーナツ
2011-08-22,ミスタードーナツ真岡福田屋ショップ,栃木県,35.70118,139.77128,0, #ドーナツ
2011-08-22,ドーナッツ・プラント 日テレプラザ店,東京都,-1,-1,0, #ドーナツ
2011-08-22,ミスタードーナツ 万代シティショップ,新潟県,37.91876,139.060779,0, #ドーナツ
2011-08-22,はらドーナッツ 京都河原町店,京都府,34.735811,135.590687,0, #ドーナツ
2011-08-22,ドーナッツプラント大宮駅店,埼玉県,35.594839,139.346284,0, #ドーナツ
2011-08-21,はらドーナッツ阿佐ヶ谷店,東京都,35.751502,139.544166,0, #ドーナツ
2011-08-20,ミスタードーナツ 富士駅前ショップ,静岡県,35.67325,139.763836,0, #ドーナツ
2011-08-15,はらドーナッツ 二子玉川店,東京都,35.741941,139.603508,0, #ドーナツ
2011-08-15,はらドーナッツ 石神井公園店,東京都,35.742035,139.603456,0, #ドーナツ
2011-08-14,MOG MOGドーナッツファクトリー　広島中央通り店,広島県,36.5626,136.362305,0, #ドーナツ
2011-07-04,ミスタードーナツ ダイエー島原ショップ,長崎県,35.123384,135.94589,0, #ドーナツ
2011-06-27,ミスタードーナツ洗足 ショップ,東京都,31.590493,130.555705,0, #ドーナツ
2011-06-26,フロレスタ 長島店,三重県,35.508562,139.600074,0, #ドーナツ
2011-06-06,フロレスタ西神そごう店,兵庫県,35.664126,139.66747,0, #ドーナツ
2011-05-28,ジュノエスクベーグルショップ 新宿西口店,東京都,35.634688,139.885167,0, #ドーナツ
2011-05-05,ドーナッツプラント白金台店,東京都,35.648469,139.705727,0, #ドーナツ
2011-03-09,はらドーナッツ茅ヶ崎店,神奈川県,35.861631,139.973459,0, #ドーナツ
2011-02-20,はらドーナッツ静岡店,静岡県,34.971355,138.381059,0, #ドーナツ
2011-01-12,ミスタードーナツ 柏ステーションモールショップ,千葉県,36.5626,136.362305,0, #ドーナツ
